0.083,1.530,-0.498,-0.383,-0.113,1.530,0.000,0.000000
0.210,1.539,-0.497,-0.378,-0.111,1.531,-0.002,0.000002
0.255,1.455,-0.498,-0.353,-0.109,1.520,-0.005,-0.000017
0.293,0.407,-0.460,-0.066,-0.117,1.353,-0.035,-0.000308
0.328,1.779,-0.490,-0.172,-0.115,1.417,-0.025,-0.000197
0.353,1.987,-0.518,-0.312,-0.107,1.502,-0.011,-0.000047
0.376,1.529,-0.500,-0.314,-0.104,1.506,-0.012,-0.000040
0.399,1.258,-0.511,-0.245,-0.098,1.469,-0.020,-0.000105
0.428,1.395,-0.513,-0.222,-0.093,1.458,-0.023,-0.000125
0.456,1.464,-0.572,-0.220,-0.073,1.458,-0.024,-0.000123
0.487,1.321,-0.554,-0.181,-0.061,1.438,-0.029,-0.000159
0.511,1.313,-0.591,-0.146,-0.042,1.419,-0.033,-0.000192
0.536,1.355,-0.597,-0.127,-0.024,1.409,-0.035,-0.000208
0.562,1.276,-0.608,-0.091,-0.006,1.389,-0.039,-0.000243
0.593,1.179,-0.654,-0.036,0.020,1.357,-0.045,-0.000298
0.627,1.193,-0.703,0.007,0.055,1.333,-0.049,-0.000341
0.661,1.093,-0.714,0.068,0.087,1.296,-0.055,-0.000404
0.698,1.101,-0.737,0.117,0.119,1.267,-0.060,-0.000455
0.734,1.011,-0.762,0.180,0.151,1.228,-0.066,-0.000522
0.770,0.977,-0.804,0.241,0.189,1.190,-0.072,-0.000587
0.808,0.961,-0.824,0.295,0.225,1.156,-0.076,-0.000647
0.844,0.895,-0.837,0.357,0.258,1.116,-0.081,-0.000716
0.868,0.886,-0.858,0.410,0.290,1.081,-0.086,-0.000776
0.889,0.871,-0.874,0.457,0.321,1.049,-0.089,-0.000831
0.914,0.815,-0.888,0.509,0.349,1.014,-0.093,-0.000892
0.942,0.780,-0.906,0.561,0.376,0.978,-0.096,-0.000953
0.972,0.836,-0.929,0.588,0.404,0.956,-0.097,-0.000990
1.001,0.734,-0.944,0.636,0.429,0.923,-0.100,-0.001049
1.026,0.672,-0.941,0.689,0.449,0.884,-0.104,-0.001114
1.050,0.698,-0.961,0.726,0.470,0.856,-0.105,-0.001163
1.079,0.719,-1.002,0.750,0.496,0.835,-0.105,-0.001199
1.112,0.639,-1.013,0.788,0.519,0.805,-0.107,-0.001250
1.146,0.620,-1.023,0.822,0.540,0.777,-0.108,-0.001299
1.182,0.605,-1.055,0.853,0.565,0.750,-0.108,-0.001344
1.218,0.563,-1.055,0.887,0.584,0.722,-0.109,-0.001393
1.259,0.532,-1.073,0.922,0.603,0.693,-0.110,-0.001442
1.295,0.510,-1.095,0.954,0.623,0.665,-0.110,-0.001490
1.332,0.476,-1.112,0.987,0.642,0.636,-0.111,-0.001540
1.355,0.470,-1.111,1.014,0.657,0.610,-0.110,-0.001583
1.379,0.454,-1.131,1.038,0.672,0.586,-0.110,-0.001624
1.403,0.434,-1.129,1.060,0.683,0.563,-0.109,-0.001664
1.433,0.416,-1.144,1.081,0.694,0.540,-0.108,-0.001702
1.463,0.417,-1.144,1.095,0.702,0.521,-0.106,-0.001735
1.494,0.400,-1.164,1.109,0.711,0.503,-0.104,-0.001766
1.518,0.376,-1.161,1.124,0.717,0.483,-0.102,-0.001800
1.544,0.357,-1.164,1.138,0.721,0.464,-0.100,-0.001833
1.575,0.348,-1.163,1.150,0.722,0.446,-0.098,-0.001863
1.609,0.337,-1.200,1.160,0.730,0.429,-0.095,-0.001891
1.645,0.359,-1.203,1.159,0.736,0.418,-0.092,-0.001910
1.680,0.268,-1.190,1.179,0.736,0.395,-0.090,-0.001949
1.717,0.317,-1.212,1.181,0.740,0.383,-0.087,-0.001969
1.751,0.308,-1.202,1.182,0.739,0.371,-0.083,-0.001989
1.790,0.274,-1.219,1.188,0.741,0.356,-0.080,-0.002015
1.827,0.259,-1.217,1.194,0.740,0.341,-0.078,-0.002040
1.854,0.241,-1.221,1.201,0.738,0.326,-0.075,-0.002066
1.876,0.283,-1.230,1.193,0.737,0.319,-0.070,-0.002078
1.900,0.282,-1.236,1.184,0.736,0.313,-0.066,-0.002087
1.924,0.219,-1.227,1.190,0.731,0.299,-0.063,-0.002112
1.954,0.250,-1.238,1.183,0.728,0.291,-0.059,-0.002124
1.984,0.318,-1.242,1.158,0.725,0.295,-0.053,-0.002117
2.009,0.237,-1.246,1.155,0.722,0.286,-0.049,-0.002132
2.033,0.227,-1.219,1.152,0.710,0.277,-0.045,-0.002148
2.059,0.248,-1.238,1.142,0.704,0.272,-0.041,-0.002156
2.091,0.286,-1.237,1.121,0.696,0.274,-0.036,-0.002152
2.122,0.254,-1.232,1.108,0.687,0.271,-0.031,-0.002157
2.157,0.290,-1.224,1.086,0.676,0.274,-0.026,-0.002152
2.193,0.311,-1.234,1.060,0.668,0.279,-0.020,-0.002142
2.230,0.249,-1.209,1.051,0.653,0.275,-0.016,-0.002150
2.265,0.316,-1.219,1.025,0.641,0.281,-0.010,-0.002139
2.303,0.275,-1.213,1.010,0.629,0.280,-0.006,-0.002141
2.337,0.307,-1.208,0.988,0.616,0.284,-0.001,-0.002134
2.361,0.316,-1.219,0.965,0.606,0.289,0.004,-0.002125
2.385,0.290,-1.206,0.950,0.593,0.289,0.009,-0.002125
2.409,0.294,-1.207,0.934,0.581,0.290,0.013,-0.002123
2.438,0.344,-1.207,0.906,0.570,0.298,0.018,-0.002109
2.468,0.315,-1.197,0.888,0.557,0.301,0.023,-0.002105
2.498,0.306,-1.186,0.873,0.542,0.302,0.027,-0.002103
2.523,0.327,-1.182,0.853,0.527,0.306,0.031,-0.002097
2.550,0.348,-1.170,0.829,0.510,0.312,0.036,-0.002085
2.580,0.349,-1.148,0.807,0.489,0.318,0.040,-0.002076
2.613,0.371,-1.173,0.782,0.477,0.326,0.045,-0.002062
2.648,0.401,-1.171,0.751,0.466,0.337,0.050,-0.002042
2.683,0.355,-1.142,0.735,0.448,0.340,0.054,-0.002038
2.720,0.431,-1.153,0.701,0.434,0.354,0.059,-0.002014
2.755,0.413,-1.141,0.676,0.419,0.363,0.064,-0.001999
2.805,0.455,-1.141,0.643,0.406,0.377,0.069,-0.001975
2.843,0.435,-1.122,0.618,0.389,0.386,0.073,-0.001960
2.868,0.446,-1.108,0.594,0.370,0.396,0.077,-0.001944
2.890,0.510,-1.120,0.556,0.357,0.413,0.082,-0.001914
2.914,0.565,-1.130,0.510,0.348,0.436,0.088,-0.001874
2.943,0.591,-1.130,0.463,0.339,0.460,0.094,-0.001834
2.975,0.925,-1.092,0.339,0.322,0.530,0.107,-0.001712
3.004,1.178,-1.166,0.171,0.325,0.628,0.125,-0.001543
3.029,1.416,-1.232,-0.030,0.344,0.747,0.145,-0.001336
3.054,1.826,-1.274,-0.302,0.370,0.909,0.171,-0.001054
3.087,2.309,-1.061,-0.650,0.337,1.120,0.205,-0.000687
3.124,2.403,-1.194,-0.962,0.342,1.314,0.233,-0.000351
3.161,2.124,-1.871,-1.151,0.517,1.436,0.248,-0.000139
3.197,1.446,-2.498,-1.134,0.821,1.439,0.243,-0.000137
3.235,0.676,-3.012,-0.923,1.202,1.326,0.218,-0.000337
3.271,-0.642,-3.697,-0.411,1.692,1.032,0.164,-0.000852
3.310,-1.987,-4.077,0.359,2.193,0.580,0.086,-0.001642
3.348,-2.931,-4.023,1.240,2.594,0.054,0.000,-0.002561
3.373,-3.200,-3.801,2.042,2.866,-0.434,-0.076,-0.003413
3.398,-3.316,-3.348,2.738,2.973,-0.867,-0.139,-0.004167
3.429,-2.944,-3.311,3.220,3.045,-1.179,-0.178,-0.004711
3.462,-2.162,-3.445,3.417,3.132,-1.328,-0.188,-0.004968
3.493,-1.443,-3.206,3.392,3.137,-1.346,-0.175,-0.004999
3.521,-0.622,-2.971,3.156,3.074,-1.238,-0.142,-0.004809
3.549,0.180,-2.583,2.748,2.916,-1.026,-0.092,-0.004438
3.583,0.668,-1.687,2.277,2.550,-0.772,-0.037,-0.003994
3.621,0.602,-0.453,1.894,1.927,-0.567,0.008,-0.003634
3.657,0.145,0.621,1.685,1.129,-0.460,0.034,-0.003448
3.694,-0.541,1.658,1.680,0.198,-0.472,0.039,-0.003469
3.731,-1.912,2.896,2.017,-0.894,-0.688,0.011,-0.003846
3.765,-3.013,3.649,2.573,-1.995,-1.036,-0.038,-0.004455
3.804,-4.244,4.650,3.342,-3.164,-1.518,-0.107,-0.005295
3.839,-5.069,5.459,4.186,-4.337,-2.051,-0.181,-0.006225
3.863,-5.319,5.845,4.946,-5.405,-2.542,-0.243,-0.007080
3.887,-5.445,6.300,5.600,-6.399,-2.979,-0.293,-0.007840
3.908,-5.418,6.385,6.128,-7.236,-3.346,-0.328,-0.008479
3.936,-5.326,6.272,6.530,-7.889,-3.645,-0.349,-0.008997
3.964,-4.863,6.267,6.735,-8.414,-3.829,-0.350,-0.009316
3.991,-4.190,6.416,6.719,-8.870,-3.885,-0.328,-0.009411
4.014,-4.009,6.510,6.644,-9.252,-3.905,-0.300,-0.009443
4.035,-3.829,6.576,6.519,-9.565,-3.895,-0.268,-0.009423
4.062,-3.434,7.002,6.299,-9.910,-3.828,-0.226,-0.009302
4.092,-2.548,7.772,5.876,-10.368,-3.637,-0.165,-0.008967
4.122,-1.937,7.992,5.354,-10.781,-3.383,-0.096,-0.008522
4.154,-1.564,7.781,4.810,-11.046,-3.110,-0.026,-0.008046
4.186,-1.207,7.575,4.254,-11.187,-2.825,0.043,-0.007548
4.215,-1.099,7.072,3.751,-11.151,-2.566,0.105,-0.007096
4.248,-1.179,6.015,3.342,-10.826,-2.357,0.157,-0.006733
4.286,-1.005,4.524,2.948,-10.150,-2.154,0.205,-0.006379
4.317,-0.514,3.601,2.487,-9.326,-1.907,0.259,-0.005950
4.347,0.150,2.873,1.929,-8.430,-1.597,0.321,-0.005411
4.378,1.279,1.999,1.173,-7.439,-1.164,0.401,-0.004658
4.405,1.942,1.593,0.371,-6.489,-0.696,0.483,-0.003845
4.432,2.839,1.328,-0.527,-5.611,-0.163,0.573,-0.002920
4.461,3.749,1.110,-1.505,-4.808,0.426,0.667,-0.001895
4.487,4.393,0.820,-2.482,-4.052,1.025,0.758,-0.000857
4.514,5.233,0.486,-3.504,-3.325,1.660,0.851,0.000245
4.539,5.703,0.347,-4.468,-2.674,2.271,0.934,0.001303
4.564,5.718,0.420,-5.266,-2.141,2.792,0.998,0.002206
4.598,5.376,0.569,-5.834,-1.729,3.185,1.037,0.002882
4.632,4.963,0.269,-6.189,-1.304,3.457,1.053,0.003348
4.668,4.777,-0.296,-6.422,-0.803,3.660,1.056,0.003693
4.705,4.616,-0.938,-6.560,-0.220,3.809,1.049,0.003944
4.744,4.283,-2.608,-6.574,0.689,3.885,1.029,0.004068
4.782,4.337,-4.570,-6.583,1.942,3.958,1.009,0.004186
4.818,4.567,-5.960,-6.630,3.336,4.054,0.993,0.004345
4.849,4.708,-7.483,-6.689,4.878,4.157,0.977,0.004516
4.870,4.758,-8.156,-6.733,6.325,4.252,0.960,0.004674
4.892,4.793,-8.755,-6.761,7.670,4.338,0.941,0.004815
4.917,4.790,-9.297,-6.766,8.912,4.411,0.920,0.004933
4.946,4.544,-9.906,-6.691,10.082,4.435,0.891,0.004968
4.977,4.389,-10.039,-6.572,11.069,4.433,0.858,0.004956
5.004,4.333,-10.055,-6.441,11.870,4.422,0.824,0.004930
5.025,4.178,-10.121,-6.275,12.526,4.390,0.787,0.004866
5.051,4.074,-9.797,-6.095,12.962,4.346,0.749,0.004783
5.075,3.937,-9.004,-5.893,13.093,4.288,0.710,0.004676
5.106,4.033,-7.998,-5.734,12.916,4.254,0.675,0.004609
5.138,4.765,-7.455,-5.770,12.597,4.334,0.661,0.004743
5.170,5.463,-7.422,-5.963,12.291,4.506,0.661,0.005039
5.201,5.955,-7.358,-6.233,11.987,4.727,0.669,0.005418
5.235,6.164,-7.475,-6.495,11.733,4.946,0.675,0.005794
5.269,6.301,-7.712,-6.733,11.550,5.153,0.679,0.006149
5.301,6.218,-7.943,-6.893,11.426,5.316,0.673,0.006428
5.337,5.462,-8.342,-6.819,11.395,5.341,0.644,0.006466
5.371,4.166,-8.651,-6.413,11.419,5.168,0.583,0.006158
5.403,3.229,-8.682,-5.820,11.417,4.880,0.504,0.005651
5.435,2.736,-9.187,-5.185,11.516,4.561,0.423,0.005089
5.466,2.912,-10.299,-4.685,11.850,4.316,0.357,0.004658
5.495,2.879,-10.823,-4.247,12.232,4.102,0.299,0.004282
5.530,2.823,-10.978,-3.855,12.560,3.912,0.247,0.003947
5.566,2.617,-10.385,-3.466,12.654,3.719,0.197,0.003608
5.600,1.821,-9.190,-2.931,12.400,3.435,0.133,0.003111
5.635,0.232,-7.415,-2.075,11.708,2.955,0.039,0.002272
5.675,-0.822,-5.720,-1.087,10.672,2.389,-0.065,0.001284
5.714,-1.457,-4.703,-0.098,9.523,1.812,-0.166,0.000277
5.754,-2.074,-4.849,0.885,8.575,1.228,-0.264,-0.000740
5.792,-3.082,-5.613,1.960,7.954,0.580,-0.367,-0.001869
5.825,-3.838,-6.270,3.045,7.581,-0.085,-0.469,-0.003026
5.855,-4.389,-6.805,4.084,7.386,-0.733,-0.562,-0.004153
5.886,-4.574,-7.450,4.990,7.368,-1.312,-0.639,-0.005158
5.916,-4.539,-8.140,5.726,7.510,-1.799,-0.696,-0.006003
5.943,-3.853,-8.664,6.154,7.742,-2.111,-0.720,-0.006541
5.971,-3.473,-8.804,6.400,7.954,-2.319,-0.726,-0.006898
5.999,-1.686,-9.295,6.139,8.235,-2.227,-0.680,-0.006732
6.032,-0.114,-9.624,5.508,8.534,-1.914,-0.598,-0.006179
6.070,0.813,-9.636,4.732,8.767,-1.508,-0.504,-0.005465
6.102,1.545,-9.111,3.887,8.808,-1.052,-0.406,-0.004666
6.142,1.914,-7.666,3.077,8.457,-0.609,-0.314,-0.003889
6.179,1.044,-6.256,2.611,7.786,-0.363,-0.258,-0.003456
6.216,-0.687,-5.585,2.651,7.038,-0.413,-0.254,-0.003541
6.255,-2.050,-5.753,3.023,6.437,-0.660,-0.283,-0.003970
6.294,-2.842,-5.964,3.527,5.973,-0.988,-0.323,-0.004541
6.330,-2.972,-5.860,3.972,5.545,-1.288,-0.356,-0.005060
6.357,-2.899,-5.660,4.316,5.124,-1.531,-0.378,-0.005482
6.382,-2.814,-5.550,4.572,4.732,-1.725,-0.390,-0.005818
6.410,-2.671,-5.562,4.739,4.397,-1.869,-0.393,-0.006066
6.442,-2.351,-5.696,4.785,4.140,-1.943,-0.383,-0.006192
6.476,-2.235,-5.403,4.783,3.843,-1.989,-0.368,-0.006268
6.504,-2.383,-4.994,4.807,3.482,-2.050,-0.356,-0.006371
6.531,-2.389,-4.823,4.817,3.130,-2.103,-0.342,-0.006460
6.562,-2.286,-4.499,4.787,2.747,-2.132,-0.324,-0.006508
6.599,-2.521,-3.457,4.810,2.159,-2.192,-0.312,-0.006610
6.636,-2.469,-2.983,4.804,1.542,-2.235,-0.297,-0.006682
6.674,-2.253,-2.554,4.732,0.916,-2.239,-0.275,-0.006687
6.710,-1.992,-2.339,4.595,0.337,-2.203,-0.247,-0.006623
6.745,-1.362,-2.527,4.310,-0.099,-2.079,-0.205,-0.006402
6.782,-0.839,-2.816,3.929,-0.389,-1.894,-0.154,-0.006078
6.816,-0.496,-3.007,3.515,-0.582,-1.685,-0.102,-0.005712
6.845,-0.521,-2.935,3.165,-0.758,-1.511,-0.057,-0.005407
6.869,-0.639,-2.856,2.896,-0.921,-1.380,-0.020,-0.005179
6.890,-0.737,-2.772,2.688,-1.076,-1.284,0.009,-0.005011
6.914,-0.718,-2.703,2.503,-1.218,-1.199,0.035,-0.004862
6.943,-0.833,-2.772,2.371,-1.315,-1.144,0.055,-0.004767
6.975,-0.250,-2.324,2.109,-1.505,-1.010,0.088,-0.004533
7.004,0.267,-2.135,1.754,-1.706,-0.818,0.129,-0.004199
7.030,0.934,-2.063,1.284,-1.887,-0.554,0.180,-0.003740
7.055,1.366,-1.818,0.780,-2.094,-0.265,0.234,-0.003237
7.088,1.625,-1.276,0.291,-2.397,0.019,0.284,-0.002742
7.119,1.461,-1.107,-0.077,-2.686,0.237,0.321,-0.002365
7.153,1.089,-1.235,-0.290,-2.887,0.366,0.341,-0.002142
7.191,0.653,-1.154,-0.356,-3.067,0.411,0.346,-0.002067
7.228,0.221,-1.554,-0.302,-3.108,0.384,0.339,-0.002117
7.265,-0.279,-2.158,-0.129,-2.980,0.286,0.320,-0.002291
7.300,-0.956,-2.884,0.188,-2.681,0.102,0.288,-0.002616
7.337,-1.595,-3.407,0.614,-2.290,-0.151,0.246,-0.003060
7.362,-1.795,-3.594,1.020,-1.909,-0.397,0.207,-0.003490
7.385,-1.905,-3.743,1.386,-1.547,-0.622,0.173,-0.003885
7.411,-1.790,-4.018,1.660,-1.169,-0.796,0.150,-0.004191
7.441,-1.406,-4.372,1.788,-0.759,-0.887,0.142,-0.004350
7.471,-1.078,-4.377,1.809,-0.412,-0.915,0.144,-0.004401
7.499,-0.602,-4.251,1.702,-0.151,-0.867,0.160,-0.004319
7.524,-0.323,-4.108,1.538,0.033,-0.785,0.181,-0.004176
7.552,0.029,-3.808,1.309,0.112,-0.662,0.208,-0.003963
7.584,0.185,-3.053,1.075,-0.012,-0.534,0.234,-0.003741
7.621,0.317,-2.378,0.844,-0.284,-0.405,0.260,-0.003519
7.657,0.805,-2.520,0.526,-0.474,-0.222,0.293,-0.003202
7.695,0.984,-2.782,0.214,-0.564,-0.040,0.325,-0.002886
7.733,0.875,-3.512,-0.020,-0.452,0.099,0.348,-0.002647
7.775,0.692,-3.962,-0.168,-0.243,0.190,0.362,-0.002491
7.819,1.051,-3.363,-0.382,-0.217,0.321,0.382,-0.002266
7.855,0.750,-3.010,-0.483,-0.283,0.387,0.390,-0.002153
7.879,0.195,-2.550,-0.426,-0.452,0.360,0.383,-0.002204
7.902,-0.156,-2.283,-0.288,-0.659,0.285,0.367,-0.002339
7.930,-0.729,-2.154,-0.027,-0.861,0.135,0.340,-0.002604
7.959,-1.272,-2.162,0.330,-1.025,-0.075,0.303,-0.002972
7.991,-1.521,-2.122,0.691,-1.169,-0.290,0.268,-0.003351
8.016,-1.629,-2.127,1.019,-1.283,-0.490,0.237,-0.003701
8.042,-1.636,-2.068,1.293,-1.389,-0.660,0.213,-0.004001
8.072,-1.376,-1.834,1.454,-1.532,-0.767,0.200,-0.004189
8.103,-0.640,-1.583,1.399,-1.711,-0.747,0.209,-0.004156
8.139,-0.354,-1.990,1.279,-1.751,-0.687,0.225,-0.004053
8.175,-0.203,-2.178,1.137,-1.732,-0.613,0.242,-0.003926
8.213,-0.055,-2.516,0.979,-1.625,-0.528,0.261,-0.003780
8.250,0.299,-2.402,0.756,-1.559,-0.403,0.285,-0.003563
8.289,0.490,-2.106,0.519,-1.574,-0.267,0.310,-0.003330
8.325,0.425,-2.064,0.337,-1.591,-0.162,0.329,-0.003148
8.355,0.178,-1.999,0.247,-1.617,-0.109,0.338,-0.003059
8.377,0.043,-1.977,0.205,-1.639,-0.085,0.343,-0.003020
8.399,-0.014,-2.075,0.185,-1.628,-0.072,0.345,-0.003001
8.428,0.986,-1.851,-0.084,-1.669,0.088,0.371,-0.002724
8.456,1.868,-1.210,-0.531,-1.860,0.357,0.414,-0.002258
8.487,1.808,-0.849,-0.888,-2.105,0.577,0.447,-0.001878
8.512,1.488,-0.868,-1.103,-2.300,0.716,0.465,-0.001640
8.538,1.386,-0.771,-1.253,-2.480,0.818,0.476,-0.001464
8.565,1.211,-0.566,-1.331,-2.674,0.880,0.479,-0.001361
8.597,0.798,-0.508,-1.289,-2.844,0.870,0.470,-0.001383
8.631,0.808,-1.307,-1.251,-2.776,0.863,0.462,-0.001399
8.664,0.897,-1.892,-1.239,-2.564,0.870,0.456,-0.001390
8.705,0.916,-2.436,-1.230,-2.241,0.879,0.450,-0.001378
8.741,0.431,-2.226,-1.096,-2.017,0.814,0.433,-0.001496
8.777,0.458,-1.754,-0.987,-1.943,0.763,0.418,-0.001589
8.820,0.417,-1.484,-0.883,-1.943,0.713,0.404,-0.001679
8.852,0.482,-1.263,-0.810,-1.993,0.681,0.393,-0.001740
8.873,0.554,-1.066,-0.764,-2.079,0.664,0.385,-0.001773
8.896,0.679,-1.019,-0.754,-2.156,0.668,0.381,-0.001769
8.923,0.986,-1.277,-0.822,-2.149,0.718,0.385,-0.001686
8.951,0.919,-1.019,-0.858,-2.202,0.750,0.386,-0.001633
8.981,1.146,-0.431,-0.944,-2.388,0.811,0.391,-0.001529
9.009,1.421,-0.277,-1.082,-2.576,0.905,0.401,-0.001369
9.034,1.503,-0.092,-1.215,-2.772,0.996,0.410,-0.001213
9.066,1.457,-0.002,-1.311,-2.951,1.068,0.415,-0.001092
9.097,1.463,-0.082,-1.388,-3.072,1.129,0.418,-0.000988
9.129,1.258,-0.474,-1.398,-3.066,1.150,0.414,-0.000955
9.164,0.746,-1.163,-1.272,-2.878,1.092,0.397,-0.001060
9.202,0.461,-1.471,-1.092,-2.635,0.999,0.374,-0.001226
9.237,-0.163,-1.627,-0.780,-2.384,0.827,0.339,-0.001530
9.274,-0.392,-1.803,-0.459,-2.124,0.646,0.305,-0.001849
9.311,-0.446,-1.823,-0.175,-1.895,0.483,0.274,-0.002135
9.342,-0.459,-1.456,0.067,-1.790,0.343,0.249,-0.002382
9.364,-0.413,-1.212,0.258,-1.758,0.231,0.230,-0.002580
9.385,-0.310,-1.019,0.392,-1.775,0.151,0.217,-0.002721
9.412,-0.462,-0.946,0.541,-1.803,0.060,0.203,-0.002882
9.440,-0.465,-0.544,0.666,-1.922,-0.018,0.192,-0.003019
9.470,-0.920,1.137,0.885,-2.441,-0.152,0.172,-0.003256
9.498,-2.015,2.795,1.342,-3.286,-0.431,0.129,-0.003743
9.525,-3.046,4.109,1.982,-4.316,-0.822,0.069,-0.004428
9.556,-3.862,5.078,2.719,-5.411,-1.278,0.001,-0.005224
9.586,-4.701,5.918,3.541,-6.524,-1.791,-0.072,-0.006120
9.617,-5.284,6.511,4.367,-7.588,-2.316,-0.143,-0.007034
9.648,-3.768,5.671,4.665,-8.246,-2.534,-0.160,-0.007415
9.678,-1.482,2.774,4.326,-8.044,-2.377,-0.112,-0.007139
9.711,0.995,-0.735,3.407,-6.967,-1.872,-0.008,-0.006257
9.746,4.162,-5.341,1.830,-4.886,-0.967,0.158,-0.004677
9.782,5.758,-7.431,0.104,-2.603,0.043,0.334,-0.002916
9.819,6.324,-8.111,-1.483,-0.516,0.986,0.490,-0.001272
9.853,6.228,-8.019,-2.781,1.210,1.775,0.614,0.000100
9.878,6.533,-7.850,-3.937,2.608,2.492,0.719,0.001346
9.903,6.874,-7.010,-4.980,3.559,3.153,0.809,0.002493
9.935,5.065,-4.689,-5.382,3.761,3.444,0.832,0.002994
9.967,1.560,-0.801,-4.819,2.938,3.165,0.759,0.002501
9.998,0.821,2.385,-4.149,1.439,2.817,0.677,0.001887
10.025,0.777,4.486,-3.567,-0.348,2.515,0.606,0.001353
10.055,0.232,5.404,-2.932,-2.074,2.175,0.532,0.000755
10.086,-0.031,5.330,-2.327,-3.493,1.847,0.462,0.000177
10.117,-0.115,3.969,-1.794,-4.327,1.555,0.401,-0.000336
10.149,-1.082,1.500,-1.098,-4.390,1.162,0.326,-0.001026
10.184,-2.235,-2.211,-0.222,-3.494,0.654,0.236,-0.001916
10.221,-2.400,-3.716,0.554,-2.355,0.197,0.158,-0.002715
10.257,-1.679,-3.449,1.020,-1.463,-0.084,0.113,-0.003206
10.296,-0.873,-2.192,1.204,-1.030,-0.202,0.097,-0.003413
10.335,-0.648,-1.077,1.299,-0.946,-0.268,0.091,-0.003530
10.360,-0.443,-0.194,1.323,-1.097,-0.294,0.092,-0.003576
10.385,-0.133,0.513,1.263,-1.397,-0.269,0.102,-0.003534
10.411,-0.054,0.799,1.189,-1.717,-0.237,0.112,-0.003477
10.439,-0.139,1.631,1.147,-2.190,-0.221,0.120,-0.003452
10.470,-0.630,3.084,1.233,-2.946,-0.282,0.114,-0.003559
10.497,-1.626,4.029,1.553,-3.810,-0.483,0.086,-0.003911
10.525,-2.461,4.676,2.029,-4.685,-0.779,0.043,-0.004428
10.555,-3.069,5.154,2.576,-5.526,-1.123,-0.005,-0.005028
10.586,-4.088,5.607,3.285,-6.330,-1.567,-0.068,-0.005804
10.616,-4.719,5.926,4.029,-7.066,-2.041,-0.132,-0.006629
10.647,-3.240,4.826,4.269,-7.386,-2.221,-0.144,-0.006943
10.679,-1.067,1.883,3.910,-6.892,-2.049,-0.095,-0.006641
10.711,1.358,-1.522,2.989,-5.601,-1.538,0.007,-0.005749
10.747,4.385,-5.565,1.447,-3.486,-0.650,0.169,-0.004199
10.783,5.749,-7.011,-0.191,-1.342,0.311,0.335,-0.002523
10.820,6.360,-7.212,-1.714,0.506,1.220,0.484,-0.000940
10.855,6.534,-7.065,-3.027,2.013,2.019,0.608,0.000451
10.880,6.904,-6.956,-4.211,3.242,2.755,0.715,0.001730
10.905,7.149,-6.587,-5.252,4.169,3.418,0.805,0.002880
10.936,5.072,-4.236,-5.585,4.341,3.670,0.821,0.003313
10.967,1.001,-0.880,-4.821,3.626,3.274,0.727,0.002615
10.999,-0.646,1.669,-3.753,2.376,2.689,0.606,0.001588
11.027,-1.228,2.723,-2.703,1.058,2.105,0.489,0.000563
11.054,-2.808,3.481,-1.418,-0.238,1.370,0.353,-0.000723
11.087,-3.779,2.807,-0.094,-1.151,0.600,0.217,-0.002071
11.121,-4.294,0.826,1.145,-1.412,-0.133,0.094,-0.003353
11.155,-5.832,-2.298,2.566,-0.837,-0.988,-0.044,-0.004845
11.193,-5.400,-3.577,3.641,-0.031,-1.650,-0.143,-0.006000
11.231,-3.655,-1.580,4.090,0.140,-1.951,-0.177,-0.006525
11.269,-1.690,0.724,3.960,-0.299,-1.913,-0.151,-0.006456
11.306,0.703,1.975,3.237,-0.981,-1.521,-0.068,-0.005771
11.340,2.355,1.900,2.208,-1.530,-0.940,0.043,-0.004757
11.371,3.931,1.534,0.944,-1.893,-0.209,0.175,-0.003481
11.393,4.758,1.176,-0.324,-2.101,0.537,0.303,-0.002181
11.422,5.177,0.451,-1.490,-2.086,1.234,0.416,-0.000966
11.451,5.263,-0.415,-2.482,-1.849,1.841,0.509,0.000089
11.482,5.396,-1.633,-3.339,-1.339,2.377,0.586,0.001019
11.510,5.679,-3.269,-4.118,-0.495,2.875,0.652,0.001884
11.535,6.384,-4.998,-4.938,0.648,3.405,0.720,0.002803
11.564,7.126,-6.197,-5.797,1.907,3.966,0.789,0.003777
11.596,8.547,-7.940,-6.860,3.395,4.657,0.876,0.004976
11.630,8.376,-7.334,-7.688,4.478,5.220,0.936,0.005950
11.666,6.781,-5.305,-7.959,4.862,5.458,0.938,0.006359
11.704,2.477,-1.644,-7.077,4.246,5.016,0.825,0.005578
11.742,-2.609,1.672,-5.038,2.883,3.876,0.601,0.003582
11.780,-5.025,3.547,-2.709,1.262,2.544,0.354,0.001251
11.820,-5.721,4.465,-0.578,-0.328,1.306,0.135,-0.000912
11.855,-5.514,4.864,1.155,-1.758,0.284,-0.039,-0.002698
11.877,-4.737,5.180,2.405,-3.029,-0.470,-0.160,-0.004012
11.899,-3.922,5.160,3.240,-4.079,-0.988,-0.235,-0.004916
11.929,-1.663,3.996,3.360,-4.654,-1.091,-0.237,-0.005093
11.959,1.856,2.247,2.563,-4.680,-0.650,-0.148,-0.004321
11.988,4.172,1.438,1.306,-4.486,0.073,-0.016,-0.003059
12.015,5.069,1.056,0.025,-4.216,0.822,0.115,-0.001751
12.040,6.151,0.632,-1.320,-3.872,1.622,0.247,-0.000356
12.071,6.969,0.785,-2.648,-3.613,2.425,0.374,0.001044
12.102,7.448,1.452,-3.873,-3.555,3.180,0.487,0.002359
12.136,7.517,2.353,-4.905,-3.725,3.833,0.577,0.003494
12.170,6.309,3.242,-5.451,-4.082,4.208,0.615,0.004142
12.202,3.939,2.494,-5.295,-4.181,4.170,0.582,0.004072
12.238,1.311,-0.141,-4.487,-3.588,3.744,0.485,0.003323
12.274,-0.431,-1.120,-3.360,-2.836,3.121,0.360,0.002230
12.311,-2.000,-1.773,-2.012,-2.034,2.354,0.215,0.000890
12.345,-2.877,-2.035,-0.658,-1.292,1.571,0.075,-0.000480
12.368,-3.486,-1.985,0.630,-0.681,0.813,-0.055,-0.001804
12.390,-3.598,-1.847,1.735,-0.202,0.151,-0.163,-0.002958
12.419,-3.629,-1.515,2.663,0.115,-0.417,-0.249,-0.003948
12.450,-2.891,0.933,3.246,-0.238,-0.789,-0.299,-0.004595
12.480,-3.290,3.789,3.827,-1.254,-1.166,-0.347,-0.005250
12.508,-3.612,5.437,4.384,-2.517,-1.535,-0.390,-0.005891
12.536,-3.947,7.416,4.925,-4.066,-1.898,-0.430,-0.006522
12.563,-4.386,8.807,5.475,-5.703,-2.274,-0.470,-0.007173
12.593,-4.745,9.901,6.013,-7.335,-2.647,-0.506,-0.007820
12.620,-3.927,10.274,6.241,-8.775,-2.841,-0.510,-0.008155
12.646,-2.465,9.415,6.048,-9.741,-2.787,-0.472,-0.008057
12.679,2.060,4.708,4.728,-9.336,-2.063,-0.323,-0.006788
12.712,5.625,0.013,2.713,-7.788,-0.911,-0.109,-0.004775
12.747,7.412,-4.126,0.569,-5.429,0.337,0.111,-0.002596
12.790,7.949,-8.332,-1.361,-2.564,1.479,0.304,-0.000603
12.830,7.523,-9.704,-2.864,0.301,2.387,0.448,0.000979
12.859,7.190,-9.943,-4.030,3.018,3.110,0.554,0.002236
12.884,7.476,-9.965,-5.067,5.097,3.768,0.644,0.003379
12.909,7.937,-9.694,-6.037,6.755,4.396,0.723,0.004471
12.937,6.909,-8.400,-6.574,7.797,4.777,0.757,0.005128
12.965,2.286,-5.253,-5.839,7.855,4.407,0.664,0.004476
12.993,-3.565,-1.892,-3.732,7.035,3.214,0.436,0.002389
13.016,-5.874,-0.461,-1.376,5.970,1.853,0.191,0.000010
13.043,-7.524,0.421,1.015,4.841,0.448,-0.050,-0.002445
13.073,-8.640,-0.309,3.294,4.069,-0.916,-0.273,-0.004824
13.108,-8.134,-1.528,5.065,3.720,-2.000,-0.438,-0.006714
13.143,-6.704,-1.999,6.173,3.538,-2.708,-0.532,-0.007945
13.178,-5.699,-0.246,6.831,2.934,-3.159,-0.579,-0.008729
13.215,-2.801,3.756,6.633,1.411,-3.108,-0.538,-0.008635
13.251,0.398,6.835,5.643,-0.643,-2.585,-0.420,-0.007717
13.287,2.475,7.150,4.277,-2.440,-1.828,-0.267,-0.006392
13.323,6.436,5.500,2.123,-3.521,-0.590,-0.041,-0.004229
13.351,7.826,4.070,-0.035,-4.054,0.672,0.179,-0.002025
13.374,8.666,2.136,-2.052,-4.002,1.872,0.378,0.000067
13.396,8.725,0.883,-3.748,-3.632,2.902,0.539,0.001861
13.425,7.957,-1.262,-4.963,-2.772,3.663,0.647,0.003185
13.456,7.052,-2.686,-5.739,-1.685,4.175,0.708,0.004072
13.485,6.550,-3.636,-6.245,-0.533,4.534,0.740,0.004694
13.511,6.663,-4.715,-6.682,0.706,4.857,0.763,0.005251
13.538,7.521,-6.723,-7.247,2.247,5.261,0.798,0.005948
13.567,8.496,-8.094,-7.947,3.877,5.750,0.844,0.006795
13.595,8.015,-8.967,-8.391,5.451,6.094,0.863,0.007388
13.629,4.951,-8.914,-7.967,6.740,5.927,0.795,0.007089
13.664,-0.112,-7.120,-6.314,7.349,5.025,0.606,0.005508
13.699,-2.442,-4.940,-4.327,7.290,3.908,0.389,0.003553
13.734,-2.227,-1.931,-2.707,6.462,2.990,0.215,0.001947
13.772,1.076,-0.230,-2.180,5.324,2.704,0.154,0.001446
13.811,4.509,0.318,-2.600,4.220,2.975,0.189,0.001919
13.847,8.579,0.588,-3.972,3.218,3.817,0.317,0.003386
13.871,10.702,0.870,-5.646,2.300,4.851,0.470,0.005188
13.895,11.587,1.270,-7.255,1.426,5.864,0.611,0.006952
13.924,11.823,1.972,-8.643,0.514,6.761,0.726,0.008512
13.953,10.718,2.765,-9.503,-0.450,7.358,0.784,0.009548
13.981,9.647,3.466,-9.928,-1.432,7.705,0.797,0.010147
14.009,7.526,4.451,-9.724,-2.498,7.682,0.746,0.010100
14.041,5.337,5.496,-8.975,-3.648,7.334,0.641,0.009486
14.072,3.051,7.145,-7.749,-5.017,6.695,0.492,0.008365
14.103,1.502,8.140,-6.313,-6.400,5.919,0.326,0.007005
14.135,0.139,8.788,-4.752,-7.705,5.053,0.152,0.005492
14.168,-0.772,8.866,-3.204,-8.796,4.180,-0.016,0.003967
14.196,-1.161,8.597,-1.803,-9.619,3.379,-0.164,0.002569
14.231,-1.222,7.756,-0.612,-10.071,2.688,-0.288,0.001364
14.263,-1.196,5.789,0.380,-9.926,2.104,-0.388,0.000348
14.298,-1.109,4.629,1.186,-9.488,1.620,-0.466,-0.000494
14.326,-0.845,3.694,1.790,-8.861,1.248,-0.522,-0.001139
14.355,-0.607,2.902,2.231,-8.114,0.967,-0.559,-0.001625
14.387,-0.350,2.193,2.529,-7.290,0.767,-0.582,-0.001969
14.413,-0.120,1.861,2.714,-6.499,0.631,-0.592,-0.002202
14.438,0.149,1.744,2.793,-5.791,0.556,-0.591,-0.002328
14.467,0.767,1.668,2.696,-5.165,0.584,-0.572,-0.002272
14.494,1.545,1.733,2.411,-4.645,0.726,-0.535,-0.002021
14.520,2.186,1.841,2.005,-4.226,0.942,-0.487,-0.001638
14.545,3.097,2.162,1.430,-3.946,1.263,-0.424,-0.001074
14.575,3.576,2.703,0.824,-3.839,1.608,-0.359,-0.000469
14.604,3.560,3.045,0.319,-3.827,1.899,-0.307,0.000042
14.637,3.615,2.856,-0.119,-3.759,2.155,-0.262,0.000492
14.671,3.739,2.252,-0.516,-3.541,2.391,-0.223,0.000906
14.709,3.328,1.176,-0.743,-3.078,2.530,-0.202,0.001152
14.742,2.788,-0.150,-0.795,-2.348,2.568,-0.199,0.001219
14.780,0.989,-2.057,-0.383,-1.251,2.330,-0.242,0.000806
14.817,0.572,-1.574,0.068,-0.453,2.065,-0.288,0.000345
14.852,0.480,-1.118,0.468,0.101,1.826,-0.327,-0.000069
14.874,0.723,-0.766,0.741,0.475,1.659,-0.352,-0.000358
14.895,0.990,-0.554,0.899,0.732,1.557,-0.365,-0.000534
14.919,1.057,-0.384,1.011,0.903,1.480,-0.373,-0.000664
14.949,0.426,-0.062,1.262,0.961,1.320,-0.395,-0.000940
14.980,0.212,0.243,1.523,0.930,1.152,-0.416,-0.001230
15.007,0.171,0.305,1.747,0.886,1.003,-0.434,-0.001487
15.032,-0.019,0.219,1.978,0.868,0.847,-0.451,-0.001754
15.060,-0.074,0.156,2.180,0.866,0.707,-0.464,-0.001996
15.091,0.029,0.171,2.317,0.859,0.603,-0.471,-0.002173
15.124,0.015,-0.264,2.430,0.959,0.512,-0.475,-0.002327
15.158,-0.469,-1.019,2.640,1.231,0.363,-0.488,-0.002584
15.195,-0.577,-1.166,2.836,1.493,0.219,-0.499,-0.002830
15.231,1.088,0.365,2.572,1.321,0.347,-0.464,-0.002603
15.268,2.339,1.664,2.029,0.845,0.644,-0.402,-0.002081
15.306,3.124,2.676,1.372,0.189,1.014,-0.330,-0.001432
15.338,3.238,2.996,0.789,-0.441,1.346,-0.268,-0.000849
15.362,3.199,2.979,0.310,-0.964,1.622,-0.218,-0.000364
15.383,3.096,2.834,-0.067,-1.362,1.842,-0.180,0.000022
15.405,2.701,2.404,-0.281,-1.583,1.970,-0.159,0.000246
15.433,1.996,1.605,-0.282,-1.563,1.973,-0.160,0.000253
15.463,1.062,1.652,-0.047,-1.555,1.836,-0.184,0.000015
15.493,0.183,1.777,0.372,-1.575,1.587,-0.225,-0.000418
15.517,-0.254,1.825,0.832,-1.601,1.310,-0.269,-0.000900
15.542,-0.500,1.985,1.277,-1.660,1.037,-0.311,-0.001374
15.573,-0.879,2.573,1.741,-1.853,0.748,-0.353,-0.001875
15.603,-1.278,3.046,2.226,-2.130,0.442,-0.395,-0.002406
15.638,-0.997,2.759,2.555,-2.285,0.224,-0.421,-0.002783
15.673,-0.195,2.542,2.621,-2.354,0.159,-0.419,-0.002892
15.708,2.553,0.765,1.976,-1.957,0.516,-0.347,-0.002266
15.742,3.937,-1.108,1.081,-1.148,1.028,-0.252,-0.001370
15.780,4.626,-1.349,0.156,-0.408,1.566,-0.157,-0.000428
15.818,4.713,-1.254,-0.640,0.188,2.037,-0.078,0.000396
15.852,4.711,-1.045,-1.303,0.632,2.438,-0.014,0.001095
15.876,4.585,-0.823,-1.824,0.946,2.760,0.033,0.001657
15.900,4.036,-0.389,-2.116,1.096,2.951,0.056,0.001991
15.930,3.331,0.467,-2.177,1.003,3.009,0.056,0.002091
15.961,2.659,2.549,-2.053,0.396,2.956,0.037,0.001999
15.990,3.013,4.739,-2.033,-0.667,2.965,0.029,0.002014
16.017,3.521,5.817,-2.140,-1.826,3.049,0.033,0.002160
16.041,4.092,6.921,-2.369,-3.071,3.205,0.049,0.002433
16.070,4.369,7.536,-2.624,-4.260,3.380,0.067,0.002737
16.100,4.791,7.730,-2.937,-5.293,3.592,0.090,0.003107
16.130,5.116,7.399,-3.274,-6.062,3.821,0.114,0.003506
16.162,3.528,5.935,-3.147,-6.320,3.778,0.091,0.003429
16.193,1.672,3.094,-2.564,-5.803,3.462,0.024,0.002878
16.228,-0.157,-0.227,-1.608,-4.518,2.920,-0.079,0.001930
16.263,-1.863,-4.099,-0.374,-2.454,2.202,-0.206,0.000678
16.298,-2.496,-5.148,0.819,-0.457,1.496,-0.325,-0.000552
16.335,-2.346,-5.454,1.777,1.291,0.918,-0.417,-0.001557
16.360,-2.263,-5.504,2.553,2.762,0.439,-0.488,-0.002390
16.383,-2.326,-5.224,3.211,3.915,0.022,-0.545,-0.003114
16.409,-2.312,-4.382,3.750,4.656,-0.331,-0.588,-0.003725
16.441,0.526,-2.239,3.475,4.722,-0.205,-0.549,-0.003501
16.472,3.358,0.657,2.520,4.035,0.326,-0.444,-0.002568
16.503,3.914,2.455,1.575,2.994,0.862,-0.342,-0.001629
16.530,4.722,3.046,0.576,1.967,1.440,-0.238,-0.000618
16.556,5.353,2.895,-0.420,1.140,2.025,-0.138,0.000406
16.588,5.934,2.192,-1.399,0.622,2.611,-0.042,0.001430
16.620,6.781,-0.619,-2.429,0.897,3.236,0.056,0.002521
16.655,7.749,-2.927,-3.529,1.707,3.913,0.157,0.003703
16.691,6.255,-2.244,-4.063,2.207,4.265,0.199,0.004316
16.728,4.301,-0.154,-4.006,2.092,4.272,0.181,0.004325
16.767,1.181,2.463,-3.161,1.329,3.809,0.085,0.003516
16.802,-0.398,3.489,-2.047,0.428,3.178,-0.035,0.002414
16.834,-1.384,3.465,-0.862,-0.322,2.494,-0.159,0.001220
16.860,-1.981,3.318,0.283,-0.911,1.822,-0.274,0.000049
16.881,-2.361,3.075,1.335,-1.341,1.193,-0.378,-0.001046
16.905,-2.208,2.718,2.174,-1.607,0.681,-0.456,-0.001937
16.933,-1.281,1.857,2.635,-1.609,0.384,-0.495,-0.002450
16.961,-0.170,1.514,2.734,-1.521,0.299,-0.496,-0.002596
16.992,0.667,1.043,2.599,-1.324,0.352,-0.474,-0.002499
17.017,0.893,0.523,2.421,-1.026,0.430,-0.448,-0.002358
17.042,0.975,-0.286,2.246,-0.570,0.510,-0.423,-0.002215
17.073,0.916,-0.789,2.109,-0.060,0.569,-0.403,-0.002109
17.104,0.940,-1.424,1.982,0.526,0.622,-0.383,-0.002012
17.138,0.337,-2.087,2.023,1.182,0.578,-0.381,-0.002086
17.173,-0.320,-2.412,2.219,1.810,0.441,-0.394,-0.002321
17.210,0.738,-0.526,2.109,1.853,0.484,-0.376,-0.002244
17.248,1.875,0.836,1.725,1.541,0.690,-0.332,-0.001879
17.285,2.613,1.993,1.213,0.983,0.977,-0.275,-0.001376
17.322,2.822,2.431,0.729,0.403,1.253,-0.224,-0.000893
17.351,2.859,2.627,0.312,-0.134,1.492,-0.180,-0.000472
17.374,2.710,2.839,0.001,-0.636,1.674,-0.148,-0.000154
17.396,2.397,2.669,-0.181,-1.012,1.782,-0.130,0.000036
17.424,1.529,2.426,-0.113,-1.264,1.743,-0.137,-0.000031
17.452,0.194,3.027,0.280,-1.623,1.510,-0.177,-0.000436
17.482,-1.543,3.981,1.048,-2.161,1.051,-0.252,-0.001235
17.509,-2.488,4.564,1.926,-2.753,0.519,-0.335,-0.002162
17.534,-3.819,5.549,2.991,-3.490,-0.133,-0.435,-0.003298
17.564,-5.251,6.690,4.237,-4.387,-0.903,-0.549,-0.004638
17.593,-6.707,7.890,5.635,-5.430,-1.776,-0.674,-0.006157
17.626,-6.542,8.350,6.750,-6.405,-2.495,-0.767,-0.007405
17.654,-4.372,6.741,7.117,-6.799,-2.780,-0.782,-0.007896
17.686,-1.610,3.761,6.709,-6.359,-2.609,-0.720,-0.007590
17.718,1.789,0.020,5.492,-5.031,-1.953,-0.578,-0.006439
17.753,5.387,-4.721,3.552,-2.711,-0.854,-0.369,-0.004517
17.800,7.331,-6.233,1.429,-0.383,0.371,-0.148,-0.002374
17.835,7.894,-6.359,-0.492,1.597,1.499,0.047,-0.000405
17.861,8.306,-6.431,-2.202,3.268,2.520,0.214,0.001377
17.885,9.058,-6.123,-3.816,4.578,3.502,0.367,0.003089
17.912,9.296,-5.525,-5.218,5.511,4.373,0.494,0.004606
17.941,7.272,-2.844,-5.865,5.600,4.810,0.541,0.005365
17.969,3.712,1.605,-5.493,4.537,4.648,0.486,0.005077
17.998,3.167,5.825,-5.031,2.569,4.428,0.423,0.004689
18.024,3.090,9.754,-4.611,-0.075,4.230,0.366,0.004339
18.056,2.845,12.839,-4.187,-2.940,4.024,0.309,0.003976
18.085,3.760,14.445,-4.053,-5.805,3.986,0.283,0.003907
18.114,4.278,14.549,-4.061,-8.412,4.031,0.271,0.003984
18.144,2.602,12.464,-3.635,-9.905,3.818,0.216,0.003609
18.174,0.217,9.176,-2.666,-10.299,3.279,0.109,0.002667
18.203,-2.804,6.214,-1.087,-9.856,2.367,-0.056,0.001074
18.237,-5.065,3.713,0.808,-8.829,1.252,-0.247,-0.000872
18.269,-5.799,1.941,2.576,-7.502,0.193,-0.419,-0.002718
18.306,-5.545,0.277,3.985,-5.952,-0.670,-0.550,-0.004220
18.334,-5.012,-1.192,5.019,-4.272,-1.324,-0.640,-0.005357
18.362,-4.417,-2.367,5.720,-2.559,-1.791,-0.694,-0.006167
18.390,-2.680,-3.252,5.854,-0.897,-1.928,-0.689,-0.006399
18.419,-1.447,-1.764,5.640,0.119,-1.859,-0.650,-0.006273
18.449,-1.304,1.400,5.411,0.169,-1.779,-0.610,-0.006128
18.478,-0.765,4.205,5.070,-0.498,-1.630,-0.559,-0.005863
18.508,0.241,5.788,4.517,-1.456,-1.352,-0.489,-0.005373
18.536,1.374,5.998,3.758,-2.308,-0.946,-0.399,-0.004659
18.569,2.638,5.176,2.794,-2.807,-0.410,-0.292,-0.003721
18.598,3.635,3.737,1.729,-2.856,0.195,-0.178,-0.002662
18.629,4.377,1.620,0.646,-2.356,0.821,-0.066,-0.001567
18.663,5.375,-1.041,-0.513,-1.260,1.504,0.051,-0.000375
18.701,6.608,-4.162,-1.793,0.446,2.270,0.176,0.000961
18.737,5.440,-2.876,-2.564,1.548,2.746,0.246,0.001791
18.773,4.700,-1.457,-3.015,2.105,3.041,0.283,0.002302
18.811,3.450,0.272,-3.070,2.129,3.103,0.279,0.002410
18.844,2.479,1.428,-2.862,1.851,3.011,0.248,0.002246
18.868,1.252,2.334,-2.371,1.384,2.748,0.191,0.001786
18.892,0.340,2.840,-1.724,0.862,2.388,0.119,0.001155
18.922,-0.426,3.445,-0.985,0.269,1.967,0.040,0.000418
18.953,-0.887,4.580,-0.248,-0.515,1.539,-0.036,-0.000329
18.983,-0.274,5.741,0.214,-1.464,1.267,-0.082,-0.000803
19.007,0.725,6.078,0.349,-2.340,1.185,-0.095,-0.000945
19.032,1.122,6.079,0.360,-3.068,1.175,-0.095,-0.000962
19.061,1.632,5.780,0.240,-3.595,1.243,-0.082,-0.000842
19.091,2.419,4.987,-0.060,-3.827,1.419,-0.052,-0.000534
19.121,3.243,3.695,-0.519,-3.686,1.692,-0.007,-0.000057
19.154,3.892,2.847,-1.065,-3.346,2.022,0.046,0.000519
19.189,3.194,2.158,-1.343,-2.880,2.198,0.070,0.000826
19.222,2.012,0.345,-1.274,-2.026,2.171,0.059,0.000777
19.256,0.504,-1.960,-0.832,-0.725,1.921,0.011,0.000341
19.295,0.302,-1.656,-0.408,0.287,1.678,-0.034,-0.000083
19.329,0.187,-1.294,-0.025,1.041,1.454,-0.073,-0.000474
19.358,-0.083,-0.809,0.365,1.545,1.223,-0.112,-0.000876
19.381,-0.437,-0.258,0.779,1.823,0.974,-0.152,-0.001311
19.405,-0.678,0.325,1.185,1.903,0.725,-0.189,-0.001743
19.436,-0.315,2.182,1.429,1.495,0.568,-0.210,-0.002015
19.465,-0.005,3.703,1.552,0.765,0.481,-0.218,-0.002166
19.495,-0.175,4.531,1.694,-0.057,0.382,-0.227,-0.002337
19.519,-0.244,5.304,1.826,-0.941,0.287,-0.235,-0.002501
19.544,-0.157,5.582,1.909,-1.750,0.219,-0.238,-0.002617
19.574,-0.221,5.947,1.991,-2.515,0.152,-0.240,-0.002733
19.604,-0.608,6.038,2.152,-3.172,0.037,-0.250,-0.002931
19.638,-0.772,5.305,2.323,-3.530,-0.086,-0.260,-0.003143
19.670,0.049,4.556,2.252,-3.632,-0.067,-0.246,-0.003108
19.704,1.534,2.562,1.813,-3.206,0.172,-0.195,-0.002688
19.738,3.584,-1.529,0.923,-1.809,0.683,-0.102,-0.001795
19.774,4.360,-2.829,-0.019,-0.309,1.234,-0.006,-0.000833
19.811,4.531,-2.806,-0.850,0.940,1.728,0.076,0.000031
19.846,4.449,-2.775,-1.523,1.973,2.137,0.140,0.000743
19.870,4.252,-2.482,-2.032,2.758,2.455,0.186,0.001296
19.895,3.985,-1.899,-2.385,3.259,2.685,0.214,0.001697
19.922,3.127,-0.618,-2.457,3.346,2.753,0.214,0.001813
19.954,1.561,1.428,-2.116,2.892,2.575,0.172,0.001501
19.985,1.252,3.818,-1.748,1.901,2.377,0.129,0.001154
20.012,1.319,5.475,-1.451,0.648,2.219,0.094,0.000877
20.037,0.883,6.092,-1.090,-0.559,2.019,0.054,0.000527
20.065,0.454,6.297,-0.676,-1.619,1.785,0.009,0.000118
20.097,0.500,5.826,-0.340,-2.384,1.592,-0.026,-0.000219
20.128,0.649,4.558,-0.096,-2.699,1.450,-0.052,-0.000466
20.162,0.613,3.434,0.118,-2.673,1.325,-0.073,-0.000685
20.198,0.507,2.509,0.324,-2.412,1.201,-0.093,-0.000899
20.235,-0.608,1.095,0.776,-1.831,0.930,-0.137,-0.001373
20.269,-0.655,0.355,1.165,-1.155,0.691,-0.173,-0.001788
20.307,-0.525,0.576,1.454,-0.643,0.508,-0.198,-0.002106
20.339,-0.023,0.944,1.566,-0.307,0.427,-0.205,-0.002245
20.362,0.302,1.136,1.573,-0.075,0.408,-0.201,-0.002278
20.386,0.570,1.311,1.508,0.075,0.431,-0.190,-0.002235
20.410,0.813,1.446,1.388,0.165,0.487,-0.173,-0.002135
20.441,1.146,2.202,1.201,0.047,0.585,-0.150,-0.001963
20.470,1.000,3.558,1.078,-0.394,0.647,-0.135,-0.001854
20.500,0.701,4.311,1.048,-0.954,0.654,-0.128,-0.001840
20.525,0.703,4.449,1.019,-1.455,0.661,-0.122,-0.001827
20.549,0.854,4.268,0.955,-1.826,0.689,-0.113,-0.001776
20.579,0.979,4.079,0.868,-2.086,0.732,-0.102,-0.001701
20.608,0.891,3.796,0.814,-2.227,0.756,-0.094,-0.001659
20.641,1.477,2.331,0.620,-1.970,0.863,-0.072,-0.001470
20.676,1.687,1.450,0.403,-1.529,0.987,-0.049,-0.001254
20.714,2.836,0.323,-0.069,-0.873,1.264,-0.001,-0.000770
20.748,3.249,-0.340,-0.569,-0.155,1.561,0.048,-0.000250
20.785,3.204,-0.284,-0.973,0.430,1.808,0.086,0.000180
20.823,2.907,0.102,-1.234,0.821,1.973,0.109,0.000467
20.853,2.531,0.661,-1.355,1.003,2.057,0.117,0.000613
20.876,2.281,1.111,-1.389,1.038,2.092,0.116,0.000672
20.900,2.117,1.562,-1.372,0.950,2.096,0.110,0.000678
20.931,2.016,2.056,-1.329,0.749,2.085,0.101,0.000658
20.961,1.723,4.281,-1.216,0.015,2.031,0.086,0.000563
20.991,2.702,5.988,-1.365,-1.031,2.132,0.096,0.000739
21.017,3.457,6.752,-1.677,-2.097,2.331,0.123,0.001085
21.042,4.114,7.614,-2.099,-3.202,2.599,0.159,0.001552
21.071,4.766,8.251,-2.612,-4.280,2.925,0.204,0.002119
21.099,6.066,8.608,-3.363,-5.263,3.397,0.270,0.002942
21.130,6.633,8.610,-4.125,-6.073,3.884,0.335,0.003789
21.162,4.879,7.007,-4.310,-6.332,4.035,0.340,0.004049
21.195,2.910,4.035,-3.956,-5.783,3.868,0.291,0.003755
21.229,0.875,0.636,-3.136,-4.452,3.420,0.198,0.002971
21.265,-1.232,-3.406,-1.911,-2.308,2.724,0.067,0.001753
21.299,-2.285,-4.259,-0.615,-0.294,1.973,-0.068,0.000442
21.332,-2.550,-4.157,0.538,1.365,1.294,-0.184,-0.000742
21.358,-2.512,-4.076,1.491,2.727,0.722,-0.276,-0.001738
21.383,-2.722,-3.576,2.338,3.732,0.204,-0.355,-0.002640
21.410,-2.833,-2.956,3.068,4.406,-0.253,-0.420,-0.003435
21.441,-1.140,-0.625,3.244,4.369,-0.388,-0.428,-0.003667
21.474,0.990,3.952,2.845,3.170,-0.184,-0.379,-0.003306
21.505,0.642,6.812,2.592,1.436,-0.062,-0.345,-0.003090
21.533,0.488,8.762,2.412,-0.512,0.019,-0.319,-0.002946
21.564,0.550,9.785,2.241,-2.399,0.097,-0.294,-0.002807
21.594,0.089,10.254,2.208,-4.092,0.094,-0.284,-0.002809
21.623,-0.542,9.727,2.334,-5.365,-0.002,-0.290,-0.002976
21.655,0.443,8.384,2.185,-6.079,0.063,-0.268,-0.002859
21.688,1.952,5.747,1.674,-5.996,0.345,-0.210,-0.002364
21.720,3.714,2.731,0.798,-5.151,0.849,-0.119,-0.001482
21.754,5.481,-0.734,-0.384,-3.558,1.543,0.001,-0.000270
21.791,5.422,-2.442,-1.356,-1.786,2.125,0.096,0.000746
21.828,5.390,-3.577,-2.158,-0.013,2.615,0.171,0.001600
21.858,5.079,-3.834,-2.745,1.533,2.986,0.222,0.002245
21.883,4.417,-3.788,-3.062,2.810,3.202,0.245,0.002620
21.907,4.090,-3.356,-3.236,3.761,3.336,0.252,0.002853
21.939,2.561,-2.052,-2.988,4.216,3.221,0.218,0.002650
21.971,0.946,-0.068,-2.365,4.085,2.881,0.147,0.002054
22.002,-0.039,1.483,-1.589,3.571,2.444,0.062,0.001289
22.029,-1.264,1.904,-0.626,3.025,1.888,-0.038,0.000319
22.056,-2.863,1.304,0.584,2.711,1.175,-0.160,-0.000925
22.089,-4.500,0.106,2.008,2.743,0.323,-0.299,-0.002411
22.124,-6.319,-2.887,3.654,3.518,-0.675,-0.456,-0.004149
22.157,-6.787,-3.585,5.140,4.332,-1.594,-0.591,-0.005749
22.193,-4.417,-0.931,5.771,4.331,-2.020,-0.638,-0.006489
22.230,-1.294,2.093,5.497,3.554,-1.915,-0.593,-0.006298
22.268,3.723,5.675,3.986,1.991,-1.072,-0.426,-0.004823
22.303,5.990,6.467,2.141,0.476,-0.015,-0.231,-0.002974
22.338,7.046,5.834,0.324,-0.633,1.043,-0.045,-0.001125
22.362,7.655,5.352,-1.350,-1.438,2.035,0.122,0.000606
22.383,7.982,4.440,-2.829,-1.880,2.927,0.264,0.002163
22.407,7.413,3.700,-3.915,-2.058,3.602,0.363,0.003337
22.433,5.716,2.300,-4.386,-1.850,3.921,0.397,0.003890
22.464,4.559,0.940,-4.476,-1.328,4.018,0.392,0.004058
22.491,4.354,-0.194,-4.489,-0.603,4.071,0.379,0.004146
22.519,4.913,-2.195,-4.629,0.509,4.199,0.379,0.004366
22.543,5.808,-3.471,-4.961,1.759,4.442,0.397,0.004787
22.571,7.130,-4.854,-5.559,3.149,4.847,0.441,0.005491
22.600,7.997,-5.393,-6.265,4.438,5.322,0.494,0.006316
22.633,8.081,-3.904,-6.861,5.129,5.738,0.533,0.007038
22.669,6.521,-1.555,-6.948,5.099,5.858,0.520,0.007243
22.705,2.335,1.901,-5.947,4.188,5.333,0.400,0.006321
22.742,-1.853,4.268,-4.037,2.817,4.257,0.192,0.004439
22.791,-4.623,5.901,-1.729,1.250,2.926,-0.049,0.002115
22.828,-5.308,5.490,0.378,0.038,1.690,-0.263,-0.000041
22.854,-5.486,5.569,2.185,-0.997,0.613,-0.440,-0.001920
22.874,-5.252,5.791,3.632,-1.916,-0.269,-0.576,-0.003455
22.898,-4.207,5.746,4.569,-2.671,-0.863,-0.658,-0.004486
22.923,-2.794,4.887,4.984,-3.079,-1.156,-0.684,-0.004992
22.954,-0.255,2.791,4.678,-2.885,-1.024,-0.638,-0.004756
22.983,1.142,1.417,4.057,-2.369,-0.702,-0.562,-0.004189
23.007,1.589,0.037,3.415,-1.584,-0.361,-0.486,-0.003589
23.032,1.966,-0.981,2.773,-0.667,-0.015,-0.412,-0.002979
23.057,2.574,-1.541,2.076,0.242,0.372,-0.334,-0.002302
23.088,3.250,-1.069,1.317,0.882,0.802,-0.252,-0.001548
23.120,3.961,-0.224,0.499,1.201,1.274,-0.167,-0.000721
23.154,4.063,1.183,-0.213,1.108,1.692,-0.095,0.000009
23.190,4.377,3.487,-0.886,0.445,2.094,-0.029,0.000712
23.227,3.176,3.986,-1.144,-0.238,2.256,-0.006,0.000995
23.263,2.483,3.634,-1.183,-0.721,2.290,-0.006,0.001055
23.299,1.892,3.800,-1.063,-1.166,2.230,-0.022,0.000950
23.332,1.240,3.780,-0.795,-1.531,2.082,-0.051,0.000691
23.355,0.495,3.629,-0.381,-1.795,1.843,-0.095,0.000276
23.376,-0.101,3.325,0.117,-1.936,1.551,-0.145,-0.000233
23.398,-0.754,2.774,0.698,-1.911,1.205,-0.202,-0.000837
23.424,-1.033,2.495,1.253,-1.816,0.868,-0.255,-0.001423
23.452,-2.118,2.926,1.988,-1.841,0.419,-0.324,-0.002204
23.481,-3.352,4.266,2.909,-2.197,-0.148,-0.409,-0.003192
23.509,-4.395,5.776,3.935,-2.871,-0.787,-0.501,-0.004303
23.535,-5.184,6.915,4.984,-3.717,-1.449,-0.593,-0.005455
23.565,-6.463,8.778,6.171,-4.887,-2.204,-0.695,-0.006767
23.595,-7.044,10.283,7.295,-6.234,-2.934,-0.787,-0.008034
23.623,-6.273,10.669,8.022,-7.444,-3.439,-0.836,-0.008908
23.649,-3.800,9.474,7.986,-8.136,-3.497,-0.808,-0.009003
23.681,0.064,6.249,6.961,-7.882,-2.967,-0.681,-0.008070
23.713,4.103,1.433,5.065,-6.434,-1.910,-0.472,-0.006220
23.746,7.372,-5.213,2.642,-3.569,-0.520,-0.216,-0.003790
23.781,9.741,-8.120,0.009,-0.705,1.018,0.052,-0.001103
23.822,10.938,-9.454,-2.495,2.160,2.506,0.300,0.001494
23.851,10.740,-9.245,-4.533,5.025,3.743,0.494,0.003649
23.875,10.545,-8.585,-6.178,6.947,4.766,0.642,0.005430
23.896,10.119,-7.195,-7.430,8.134,5.572,0.747,0.006832
23.920,8.779,-5.497,-8.120,8.676,6.057,0.792,0.007671
23.949,3.444,-1.140,-7.330,8.006,5.669,0.688,0.006987
23.978,-2.670,4.142,-5.107,6.091,4.421,0.445,0.004804
24.003,-4.322,6.819,-2.817,3.797,3.112,0.202,0.002515
24.031,-5.169,9.369,-0.680,1.223,1.871,-0.018,0.000347
24.057,-5.203,9.959,1.118,-1.083,0.810,-0.198,-0.001505
24.089,-5.018,8.668,2.572,-2.685,-0.065,-0.339,-0.003031
24.122,-4.222,5.167,3.582,-3.135,-0.691,-0.431,-0.004119
24.156,-4.005,0.724,4.362,-2.383,-1.190,-0.497,-0.004987
24.191,-3.089,-1.436,4.773,-1.203,-1.477,-0.524,-0.005484
24.227,-1.151,0.294,4.615,-0.651,-1.431,-0.494,-0.005398
24.265,0.869,3.149,3.961,-0.910,-1.088,-0.415,-0.004796
24.302,0.745,4.394,3.436,-1.439,-0.815,-0.350,-0.004316
24.334,1.302,4.656,2.847,-1.945,-0.500,-0.282,-0.003762
24.364,1.899,4.641,2.197,-2.361,-0.141,-0.208,-0.003134
24.385,2.095,4.367,1.598,-2.635,0.193,-0.142,-0.002549
24.411,1.804,3.947,1.167,-2.753,0.434,-0.095,-0.002127
24.439,1.144,4.048,0.970,-2.871,0.540,-0.072,-0.001941
24.468,0.797,3.970,0.890,-2.944,0.578,-0.061,-0.001874
24.496,0.720,3.196,0.841,-2.803,0.599,-0.054,-0.001837
24.522,0.827,2.469,0.771,-2.496,0.633,-0.044,-0.001777
24.547,1.077,2.074,0.647,-2.134,0.700,-0.030,-0.001661
24.576,1.227,1.686,0.504,-1.729,0.779,-0.014,-0.001523
24.605,1.010,1.477,0.439,-1.334,0.813,-0.006,-0.001462
24.641,1.498,0.914,0.260,-0.859,0.916,0.013,-0.001283
24.676,1.859,0.553,0.018,-0.370,1.057,0.037,-0.001036
24.713,3.196,-0.113,-0.521,0.207,1.378,0.091,-0.000476
24.750,3.259,-0.068,-0.987,0.677,1.661,0.135,0.000017
24.786,3.149,0.113,-1.346,1.022,1.885,0.167,0.000406
24.824,2.883,0.600,-1.576,1.183,2.035,0.186,0.000668
24.853,2.510,1.092,-1.670,1.190,2.108,0.190,0.000792
24.877,2.250,1.407,-1.678,1.112,2.130,0.185,0.000829
24.900,1.933,1.731,-1.601,0.961,2.101,0.172,0.000778
24.931,1.626,2.565,-1.455,0.620,2.031,0.152,0.000653
24.961,1.668,4.351,-1.339,-0.118,1.977,0.136,0.000558
24.991,2.533,6.050,-1.457,-1.166,2.061,0.144,0.000704
25.019,3.323,6.797,-1.752,-2.229,2.251,0.168,0.001034
25.043,4.153,7.666,-2.203,-3.334,2.537,0.207,0.001532
25.072,4.882,8.274,-2.759,-4.404,2.890,0.255,0.002146
25.099,5.788,8.531,-3.446,-5.354,3.326,0.314,0.002904
25.130,7.191,8.791,-4.366,-6.202,3.907,0.395,0.003916
25.164,5.051,6.939,-4.585,-6.430,4.081,0.403,0.004216
25.195,2.839,3.537,-4.197,-5.746,3.897,0.350,0.003891
25.229,0.989,-0.179,-3.395,-4.222,3.462,0.257,0.003129
25.265,-1.199,-3.602,-2.163,-2.074,2.764,0.125,0.001909
25.301,-2.057,-4.007,-0.910,-0.171,2.042,-0.006,0.000647
25.333,-2.161,-4.010,0.166,1.422,1.411,-0.116,-0.000454
25.359,-2.304,-3.913,1.103,2.724,0.853,-0.208,-0.001426
25.384,-2.624,-3.394,1.964,3.675,0.331,-0.290,-0.002337
25.410,-2.866,-2.729,2.740,4.291,-0.150,-0.360,-0.003173
25.441,-1.356,-0.427,3.002,4.214,-0.333,-0.378,-0.003489
25.473,0.630,4.238,2.712,2.959,-0.190,-0.340,-0.003237
25.506,0.089,7.208,2.599,1.151,-0.150,-0.320,-0.003164
25.533,-0.154,9.344,2.559,-0.905,-0.152,-0.308,-0.003165
25.564,-0.118,10.534,2.510,-2.925,-0.149,-0.295,-0.003156
25.593,-0.762,10.982,2.626,-4.721,-0.242,-0.299,-0.003317
25.624,-1.444,10.564,2.888,-6.107,-0.424,-0.317,-0.003631
25.656,0.069,9.018,2.718,-6.863,-0.352,-0.291,-0.003502
25.686,1.730,5.978,2.150,-6.711,-0.041,-0.227,-0.002957
25.718,3.645,2.882,1.186,-5.786,0.511,-0.124,-0.001992
25.752,5.144,0.273,-0.002,-4.341,1.205,-0.003,-0.000779
25.790,5.425,-1.632,-1.067,-2.641,1.838,0.102,0.000325
25.825,5.088,-3.121,-1.869,-0.838,2.326,0.178,0.001176
25.856,5.088,-3.813,-2.536,0.846,2.741,0.238,0.001899
25.879,4.812,-3.937,-3.018,2.283,3.053,0.278,0.002441
25.903,4.288,-3.383,-3.280,3.337,3.240,0.294,0.002764
25.935,3.344,-1.941,-3.254,3.846,3.257,0.281,0.002792
25.966,2.428,0.531,-2.992,3.636,3.134,0.245,0.002575
25.998,1.892,2.669,-2.629,2.910,2.949,0.200,0.002250
26.025,0.966,3.679,-2.086,2.039,2.652,0.138,0.001731
26.052,0.048,3.652,-1.394,1.311,2.262,0.063,0.001049
26.089,-1.770,2.581,-0.353,0.968,1.658,-0.045,-0.000007
26.124,-3.054,0.363,0.843,1.237,0.951,-0.164,-0.001240
26.159,-4.642,-1.372,2.242,1.896,0.111,-0.300,-0.002705
26.196,-3.549,-0.797,3.132,2.296,-0.439,-0.382,-0.003663
26.233,-1.087,1.584,3.246,2.022,-0.538,-0.383,-0.003832
26.271,0.668,3.395,2.890,1.330,-0.359,-0.338,-0.003517
26.306,1.726,4.724,2.318,0.410,-0.048,-0.272,-0.002971
26.339,2.535,4.577,1.630,-0.324,0.338,-0.197,-0.002294
26.362,3.065,4.217,0.916,-0.848,0.746,-0.121,-0.001580
26.383,3.558,3.725,0.192,-1.161,1.167,-0.047,-0.000844
26.405,3.256,3.465,-0.338,-1.356,1.480,0.006,-0.000297
26.432,2.540,3.548,-0.599,-1.537,1.639,0.031,-0.000020
26.462,1.060,4.267,-0.442,-1.868,1.552,0.013,-0.000172
26.493,-0.718,4.817,0.139,-2.280,1.212,-0.046,-0.000766
26.517,-1.236,4.881,0.756,-2.636,0.845,-0.106,-0.001407
26.542,-1.617,4.918,1.366,-2.939,0.475,-0.165,-0.002051
26.573,-2.528,5.189,2.103,-3.254,0.024,-0.233,-0.002837
26.602,-3.167,5.282,2.876,-3.534,-0.456,-0.303,-0.003673
26.635,-3.033,5.098,3.481,-3.714,-0.844,-0.355,-0.004347
26.667,-1.354,3.728,3.555,-3.510,-0.923,-0.351,-0.004481
26.702,0.491,1.339,3.142,-2.729,-0.712,-0.299,-0.004111
26.734,3.057,-1.972,2.141,-1.235,-0.148,-0.191,-0.003124
26.770,4.398,-2.998,0.960,0.276,0.533,-0.067,-0.001934
26.809,5.069,-2.807,-0.200,1.490,1.213,0.051,-0.000746
26.845,5.244,-2.145,-1.214,2.334,1.818,0.150,0.000309
26.869,5.460,-1.825,-2.113,2.951,2.365,0.235,0.001263
26.893,5.527,-1.343,-2.877,3.337,2.840,0.304,0.002091
26.920,5.302,-0.163,-3.452,3.353,3.211,0.352,0.002735
26.952,3.934,2.435,-3.579,2.700,3.321,0.353,0.002924
26.982,3.974,5.929,-3.686,1.263,3.421,0.353,0.003095
27.011,4.847,9.039,-3.986,-0.728,3.637,0.371,0.003469
27.038,5.490,11.169,-4.390,-2.931,3.917,0.398,0.003954
27.070,6.038,12.660,-4.855,-5.145,4.237,0.430,0.004509
27.099,6.853,13.474,-5.437,-7.190,4.631,0.473,0.005194
27.127,6.498,13.271,-5.821,-8.834,4.914,0.494,0.005683
27.154,5.072,11.856,-5.767,-9.830,4.940,0.470,0.005725
27.186,0.778,7.127,-4.623,-9.446,4.318,0.339,0.004635
27.218,-2.569,3.140,-2.810,-8.095,3.287,0.145,0.002832
27.251,-4.373,-0.039,-0.830,-6.144,2.139,-0.060,0.000827
27.287,-4.500,-2.681,0.860,-3.830,1.142,-0.229,-0.000911
27.321,-3.929,-4.350,2.128,-1.465,0.381,-0.352,-0.002239
27.354,-3.061,-5.991,2.963,0.930,-0.137,-0.428,-0.003140
27.378,-2.131,-6.203,3.420,2.983,-0.439,-0.464,-0.003662
27.402,-1.510,-5.656,3.637,4.554,-0.602,-0.475,-0.003942
27.434,0.447,-4.230,3.315,5.494,-0.447,-0.432,-0.003668
27.466,3.389,-0.443,2.294,5.310,0.126,-0.320,-0.002664
27.495,3.988,1.036,1.283,4.767,0.704,-0.213,-0.001653
27.522,5.151,2.106,0.141,4.029,1.370,-0.096,-0.000489
27.548,6.429,1.572,-1.138,3.536,2.128,0.031,0.000836
27.579,6.836,-0.424,-2.308,3.616,2.835,0.143,0.002068
27.615,6.808,-3.610,-3.274,4.478,3.431,0.232,0.003108
27.649,5.257,-7.731,-3.681,6.226,3.706,0.262,0.003586
27.685,3.884,-9.659,-3.667,8.159,3.734,0.249,0.003633
27.719,2.710,-9.910,-3.349,9.817,3.582,0.206,0.003365
27.752,1.773,-8.592,-2.838,10.846,3.312,0.145,0.002891
27.793,0.952,-5.999,-2.196,11.022,2.958,0.073,0.002274
27.822,0.892,-4.374,-1.639,10.731,2.649,0.011,0.001732
27.847,1.006,-3.319,-1.197,10.193,2.402,-0.038,0.001302
27.876,1.220,-3.014,-0.879,9.638,2.225,-0.073,0.000993
27.901,1.482,-3.246,-0.676,9.208,2.113,-0.096,0.000798
27.929,1.176,-3.673,-0.428,8.931,1.972,-0.122,0.000553
27.958,0.566,-3.729,-0.066,8.691,1.761,-0.160,0.000185
27.987,0.088,-3.298,0.359,8.358,1.509,-0.202,-0.000253
28.017,-0.139,-2.275,0.770,7.799,1.261,-0.241,-0.000685
28.050,0.009,-1.030,1.074,6.997,1.072,-0.269,-0.001012
28.081,0.463,0.172,1.212,6.003,0.979,-0.279,-0.001172
28.118,0.604,1.446,1.288,4.835,0.921,-0.283,-0.001270
28.154,0.761,3.537,1.308,3.316,0.896,-0.281,-0.001312
28.189,-0.066,5.421,1.531,1.561,0.750,-0.298,-0.001563
28.227,-1.570,6.632,2.093,-0.218,0.401,-0.349,-0.002171
28.261,-3.945,7.204,3.158,-1.850,-0.253,-0.448,-0.003309
28.298,-5.431,7.103,4.415,-3.187,-1.032,-0.563,-0.004664
28.332,-6.491,7.000,5.724,-4.271,-1.854,-0.678,-0.006094
28.360,-6.268,7.042,6.748,-5.180,-2.519,-0.762,-0.007249
28.395,-4.729,6.764,7.199,-5.856,-2.854,-0.785,-0.007828
28.420,-2.326,5.927,6.951,-6.197,-2.779,-0.738,-0.007689
28.445,-0.558,5.264,6.280,-6.300,-2.450,-0.650,-0.007108
28.473,2.213,3.987,5.003,-6.049,-1.753,-0.504,-0.005887
28.501,5.109,2.602,3.192,-5.475,-0.727,-0.310,-0.004091
28.528,7.837,1.488,0.979,-4.700,0.556,-0.081,-0.001849
28.557,9.358,1.018,-1.258,-3.923,1.876,0.144,0.000456
28.587,11.090,0.742,-3.564,-3.194,3.259,0.368,0.002868
28.620,12.698,0.517,-5.890,-2.520,4.677,0.587,0.005339
28.656,13.483,0.272,-8.019,-1.889,6.001,0.779,0.007644
28.690,13.647,0.044,-9.820,-1.299,7.151,0.932,0.009646
28.724,12.922,-0.230,-11.120,-0.735,8.022,1.030,0.011157
28.761,11.911,-1.779,-11.924,0.129,8.610,1.075,0.012175
28.796,11.343,-3.292,-12.423,1.233,9.025,1.087,0.012890
28.825,11.184,-4.907,-12.768,2.560,9.355,1.083,0.013455
28.852,11.421,-6.551,-13.086,4.078,9.670,1.074,0.013996
28.884,11.870,-8.273,-13.432,5.771,10.005,1.068,0.014572
28.911,12.196,-9.828,-13.770,7.565,10.339,1.060,0.015146
28.937,12.159,-10.352,-14.009,9.178,10.618,1.041,0.015622
28.965,11.203,-10.527,-13.932,10.547,10.711,0.990,0.015775
28.991,9.242,-10.121,-13.338,11.563,10.495,0.888,0.015391
29.015,7.807,-10.081,-12.446,12.372,10.096,0.759,0.014687
29.040,6.154,-10.110,-11.251,13.025,9.509,0.602,0.013655
29.064,3.211,-9.897,-9.481,13.483,8.567,0.392,0.012006
29.095,0.676,-9.220,-7.336,13.661,7.385,0.151,0.009940
29.128,-1.901,-9.380,-4.874,13.815,5.993,-0.115,0.007509
29.157,-4.159,-9.735,-2.232,13.998,4.470,-0.391,0.004851
29.188,-5.816,-9.296,0.401,14.005,2.925,-0.658,0.002159
29.216,-6.761,-8.560,2.841,13.789,1.469,-0.898,-0.000377
29.247,-7.075,-8.020,4.954,13.437,0.183,-1.097,-0.002614
29.282,-6.353,-6.836,6.525,12.809,-0.803,-1.236,-0.004325
29.315,-5.103,-5.825,7.507,11.996,-1.454,-1.312,-0.005451
29.340,-4.206,-5.258,8.083,11.142,-1.874,-1.345,-0.006171
29.363,-3.141,-4.092,8.274,10.106,-2.070,-1.338,-0.006503
29.384,-2.720,-3.308,8.307,9.014,-2.175,-1.315,-0.006673
29.409,-2.376,-2.601,8.226,7.900,-2.211,-1.281,-0.006726
29.437,-2.256,-1.868,8.106,6.763,-2.225,-1.242,-0.006738
29.466,-2.989,-1.873,8.170,5.796,-2.345,-1.223,-0.006938
29.492,-4.993,-2.751,8.709,5.195,-2.749,-1.250,-0.007631
29.516,-6.553,-3.652,9.531,4.906,-3.326,-1.304,-0.008627
29.538,-8.131,-4.444,10.592,4.852,-4.053,-1.379,-0.009885
29.565,-10.396,-4.689,12.026,4.856,-5.011,-1.487,-0.011545
29.593,-12.517,-3.991,13.729,4.672,-6.144,-1.618,-0.013510
29.620,-13.774,-3.375,15.437,4.350,-7.297,-1.744,-0.015508
29.652,-15.125,-1.892,17.168,3.696,-8.480,-1.867,-0.017557
29.677,-15.362,-0.884,18.632,2.885,-9.522,-1.958,-0.019359
29.704,-15.697,0.045,19.895,1.964,-10.458,-2.025,-0.020976
29.731,-15.806,-0.092,20.928,1.225,-11.270,-2.065,-0.022376
29.757,-15.906,-0.891,21.765,0.804,-11.976,-2.083,-0.023590
29.784,-16.361,-1.374,22.526,0.573,-12.644,-2.091,-0.024738
29.817,-16.849,-1.670,22.918,0.453,-13.285,-2.090,-0.025839
29.849,-17.148,-2.213,22.918,0.489,-13.875,-2.090,-0.025839
29.879,-17.005,-2.888,22.918,0.688,-14.355,-2.090,-0.025839
29.910,-16.510,-3.355,22.918,0.972,-14.689,-2.090,-0.025839
29.937,-15.973,-3.736,22.918,1.303,-14.892,-2.090,-0.025839
29.965,-15.824,-4.540,22.918,1.779,-15.042,-2.090,-0.025839
29.993,-15.343,-4.833,22.918,2.248,-15.098,-2.090,-0.025839
30.024,-14.377,-4.633,22.918,2.584,-15.000,-2.090,-0.025839
30.054,-13.312,-4.080,22.918,2.719,-14.757,-2.090,-0.025839
30.084,-12.330,-3.219,22.918,2.608,-14.404,-2.090,-0.025839
30.113,-11.229,-2.381,22.918,2.298,-13.938,-2.090,-0.025839
30.140,-10.364,-1.823,22.918,1.892,-13.412,-2.090,-0.025839
30.170,-8.928,-0.950,22.693,1.327,-12.750,-2.090,-0.025839
