0.095,6.428,-1.789,-1.719,1.719,6.428,0.000,0.000000
0.218,6.428,-1.789,-3.438,2.117,6.428,-0.009,0.000000
0.252,6.428,-1.789,-5.157,2.080,6.428,-0.026,0.000000
0.286,3.947,0.070,-5.481,1.537,6.056,-0.114,-0.000217
0.321,1.327,2.415,-4.095,0.440,5.346,-0.259,-0.000629
0.355,-0.471,3.334,-2.436,-0.729,4.472,-0.425,-0.001137
0.393,-2.775,3.646,-0.717,-1.789,3.383,-0.619,-0.001769
0.424,-3.363,3.350,1.002,-2.590,2.368,-0.792,-0.002358
0.455,-3.293,2.853,2.720,-3.118,1.515,-0.929,-0.002852
0.487,-2.562,2.148,4.045,-3.358,0.899,-1.018,-0.003208
0.519,-1.545,1.228,4.649,-3.300,0.527,-1.060,-0.003421
0.551,-0.219,0.232,4.781,-2.971,0.410,-1.056,-0.003486
0.584,1.417,-0.840,4.433,-2.396,0.556,-1.008,-0.003398
0.613,3.398,-1.931,3.590,-1.612,0.977,-0.916,-0.003150
0.638,5.138,-2.372,2.402,-0.831,1.597,-0.795,-0.002787
0.664,6.021,-2.305,1.162,-0.195,2.256,-0.673,-0.002401
0.691,7.041,-2.264,-0.155,0.326,2.971,-0.548,-0.001983
0.714,7.584,-1.943,-1.404,0.673,3.660,-0.434,-0.001581
0.738,7.820,-0.618,-2.509,0.600,4.282,-0.338,-0.001218
0.767,7.936,1.221,-3.458,0.036,4.828,-0.259,-0.000899
0.795,7.829,2.547,-4.213,-0.796,5.277,-0.202,-0.000637
0.823,7.634,4.355,-4.780,-1.983,5.629,-0.164,-0.000431
0.851,6.650,5.153,-4.973,-3.187,5.782,-0.163,-0.000342
0.880,5.295,4.899,-4.752,-4.116,5.708,-0.200,-0.000385
0.909,3.406,4.015,-4.039,-4.642,5.362,-0.281,-0.000586
0.942,1.712,2.640,-2.972,-4.694,4.813,-0.393,-0.000904
0.976,-0.030,0.887,-1.597,-4.247,4.084,-0.529,-0.001327
1.009,-1.805,-1.483,0.040,-3.217,3.198,-0.685,-0.001841
1.042,-2.510,-3.275,1.601,-1.859,2.339,-0.828,-0.002339
1.074,-2.552,-4.094,2.913,-0.496,1.601,-0.943,-0.002766
1.108,-1.545,-3.590,3.728,0.507,1.124,-1.008,-0.003040
1.142,-0.359,-2.892,4.076,1.155,0.897,-1.027,-0.003170
1.177,0.981,-2.116,3.991,1.481,0.904,-1.005,-0.003162
1.210,2.743,-0.902,3.429,1.419,1.175,-0.940,-0.003002
1.245,4.004,0.062,2.607,1.101,1.595,-0.853,-0.002755
1.279,5.132,1.121,1.605,0.543,2.121,-0.753,-0.002446
1.313,6.238,2.217,0.462,-0.223,2.735,-0.642,-0.002087
1.342,6.505,2.836,-0.567,-1.032,3.297,-0.546,-0.001758
1.372,6.266,3.354,-1.361,-1.847,3.740,-0.475,-0.001499
1.401,5.649,3.682,-1.854,-2.613,4.024,-0.435,-0.001332
1.426,4.951,3.545,-2.070,-3.209,4.161,-0.421,-0.001251
1.452,3.820,2.778,-1.937,-3.490,4.108,-0.441,-0.001281
1.477,3.112,2.004,-1.628,-3.504,3.956,-0.476,-0.001368
1.504,2.077,0.630,-1.083,-3.133,3.672,-0.531,-0.001532
1.532,0.940,-0.130,-0.315,-2.608,3.259,-0.605,-0.001770
1.562,0.248,-0.213,0.516,-2.139,2.805,-0.683,-0.002033
1.593,-0.479,0.152,1.408,-1.841,2.309,-0.763,-0.002320
1.626,-0.634,0.706,2.192,-1.738,1.864,-0.830,-0.002576
1.658,-0.238,0.958,2.734,-1.717,1.544,-0.872,-0.002760
1.691,0.667,0.988,2.933,-1.702,1.408,-0.881,-0.002836
1.724,1.739,0.732,2.800,-1.616,1.453,-0.859,-0.002807
1.758,2.895,0.317,2.366,-1.427,1.665,-0.810,-0.002682
1.791,4.384,-0.101,1.591,-1.152,2.069,-0.731,-0.002444
1.823,5.192,-0.167,0.719,-0.901,2.534,-0.646,-0.002172
1.854,5.618,-0.242,-0.128,-0.668,2.993,-0.565,-0.001903
1.886,5.759,-0.161,-0.874,-0.494,3.405,-0.497,-0.001661
1.917,5.642,0.068,-1.463,-0.410,3.738,-0.446,-0.001466
1.952,5.127,0.641,-1.812,-0.495,3.944,-0.419,-0.001345
1.985,4.360,1.205,-1.890,-0.718,4.005,-0.418,-0.001309
2.018,3.426,1.530,-1.695,-0.992,3.916,-0.443,-0.001359
2.048,2.418,1.598,-1.253,-1.237,3.689,-0.489,-0.001490
2.079,1.493,1.679,-0.629,-1.461,3.357,-0.551,-0.001682
2.110,0.787,1.524,0.088,-1.602,2.969,-0.619,-0.001906
2.140,0.597,1.304,0.738,-1.656,2.610,-0.678,-0.002113
2.165,0.329,0.989,1.353,-1.611,2.264,-0.732,-0.002312
2.189,0.263,0.757,1.882,-1.506,1.961,-0.776,-0.002487
2.212,0.438,0.240,2.271,-1.274,1.728,-0.805,-0.002619
2.236,0.445,-0.280,2.588,-0.935,1.532,-0.827,-0.002731
2.264,0.320,-0.974,2.881,-0.460,1.346,-0.845,-0.002837
2.291,0.162,-1.734,3.161,0.145,1.164,-0.861,-0.002940
2.318,-0.040,-2.275,3.442,0.798,0.979,-0.876,-0.003046
2.353,0.090,-2.380,3.632,1.370,0.841,-0.882,-0.003123
2.389,1.051,-1.626,3.520,1.638,0.868,-0.859,-0.003105
2.423,2.239,-0.653,3.093,1.593,1.070,-0.808,-0.002985
2.456,3.344,0.431,2.427,1.256,1.407,-0.737,-0.002787
2.491,4.725,1.659,1.488,0.636,1.901,-0.643,-0.002497
2.524,5.841,3.112,0.394,-0.281,2.489,-0.537,-0.002153
2.557,5.692,3.421,-0.480,-1.130,2.966,-0.456,-0.001874
2.588,5.305,3.573,-1.104,-1.879,3.315,-0.400,-0.001670
2.619,4.862,3.613,-1.503,-2.511,3.545,-0.368,-0.001535
2.650,4.188,3.255,-1.648,-2.936,3.640,-0.360,-0.001479
2.682,3.458,2.494,-1.566,-3.076,3.611,-0.373,-0.001494
2.712,2.299,1.374,-1.177,-2.880,3.412,-0.414,-0.001609
2.744,1.544,0.548,-0.643,-2.484,3.130,-0.467,-0.001772
2.775,1.034,-0.213,-0.057,-1.939,2.813,-0.523,-0.001955
2.806,0.651,-0.756,0.539,-1.331,2.486,-0.578,-0.002144
2.838,0.591,-1.142,1.051,-0.713,2.199,-0.623,-0.002309
2.869,0.521,-1.068,1.496,-0.216,1.944,-0.661,-0.002455
2.898,0.704,-0.661,1.814,0.089,1.755,-0.685,-0.002564
2.923,0.946,0.001,2.010,0.164,1.630,-0.697,-0.002634
2.948,1.137,0.482,2.116,0.094,1.553,-0.700,-0.002677
2.975,1.633,1.208,2.064,-0.162,1.561,-0.688,-0.002670
3.003,2.070,2.130,1.896,-0.628,1.634,-0.666,-0.002626
3.031,2.269,2.439,1.696,-1.100,1.726,-0.641,-0.002570
3.059,2.582,2.416,1.439,-1.485,1.851,-0.612,-0.002496
3.091,3.171,1.990,1.061,-1.688,2.046,-0.572,-0.002380
3.124,3.873,1.109,0.550,-1.613,2.317,-0.522,-0.002221
3.156,4.122,0.532,0.054,-1.389,2.585,-0.475,-0.002063
3.190,4.406,-0.081,-0.438,-1.032,2.856,-0.430,-0.001905
3.221,4.392,-0.285,-0.844,-0.675,3.084,-0.394,-0.001771
3.257,3.953,0.181,-1.062,-0.502,3.213,-0.377,-0.001695
3.289,3.873,0.643,-1.220,-0.482,3.310,-0.366,-0.001637
3.325,3.459,1.155,-1.235,-0.604,3.330,-0.369,-0.001624
3.357,2.997,1.513,-1.119,-0.802,3.279,-0.384,-0.001653
3.392,2.497,1.810,-0.882,-1.047,3.159,-0.410,-0.001721
3.424,1.990,1.878,-0.544,-1.268,2.982,-0.444,-0.001824
3.456,1.651,1.764,-0.167,-1.418,2.780,-0.480,-0.001940
3.487,1.464,1.660,0.199,-1.512,2.580,-0.515,-0.002055
3.519,1.452,1.579,0.508,-1.565,2.408,-0.542,-0.002153
3.549,1.618,1.359,0.720,-1.545,2.287,-0.560,-0.002222
3.579,2.010,1.113,0.789,-1.458,2.243,-0.564,-0.002246
3.607,2.558,0.905,0.695,-1.325,2.287,-0.553,-0.002219
3.637,3.145,0.901,0.454,-1.209,2.413,-0.529,-0.002144
3.662,3.550,0.942,0.142,-1.120,2.581,-0.499,-0.002045
3.687,4.136,1.213,-0.279,-1.118,2.812,-0.460,-0.001909
3.712,4.379,1.424,-0.697,-1.170,3.045,-0.422,-0.001772
3.739,4.511,1.744,-1.080,-1.299,3.262,-0.390,-0.001644
3.767,4.931,2.493,-1.512,-1.607,3.511,-0.354,-0.001499
3.796,5.456,3.598,-2.012,-2.162,3.801,-0.313,-0.001329
3.825,5.790,4.266,-2.515,-2.802,4.098,-0.274,-0.001155
3.854,5.525,4.493,-2.858,-3.393,4.310,-0.251,-0.001031
3.884,4.664,3.853,-2.901,-3.703,4.362,-0.257,-0.001000
3.916,3.490,2.704,-2.610,-3.640,4.230,-0.294,-0.001076
3.949,2.443,1.641,-2.075,-3.289,3.961,-0.352,-0.001232
3.982,1.521,0.512,-1.371,-2.679,3.593,-0.423,-0.001445
4.015,0.112,-1.192,-0.394,-1.698,3.069,-0.518,-0.001748
4.047,-0.766,-2.174,0.663,-0.606,2.491,-0.616,-0.002083
4.081,-0.733,-2.248,1.535,0.328,2.004,-0.694,-0.002364
4.115,-0.466,-2.193,2.188,1.093,1.630,-0.749,-0.002580
4.149,0.170,-1.514,2.555,1.544,1.407,-0.775,-0.002707
4.184,0.918,-0.537,2.651,1.650,1.330,-0.775,-0.002750
4.217,2.284,0.979,2.352,1.321,1.469,-0.739,-0.002667
4.251,3.251,2.053,1.833,0.750,1.733,-0.683,-0.002511
4.284,3.997,3.094,1.190,-0.014,2.069,-0.618,-0.002314
4.315,4.488,3.927,0.516,-0.879,2.429,-0.553,-0.002103
4.345,4.667,4.300,-0.097,-1.703,2.762,-0.495,-0.001907
4.376,4.556,4.444,-0.580,-2.426,3.028,-0.451,-0.001751
4.403,4.113,4.465,-0.860,-3.031,3.189,-0.427,-0.001656
4.429,3.228,4.043,-0.852,-3.414,3.192,-0.431,-0.001653
4.456,2.722,3.469,-0.704,-3.569,3.120,-0.447,-0.001694
4.483,1.819,2.417,-0.333,-3.403,2.922,-0.484,-0.001807
4.511,0.483,1.893,0.342,-3.113,2.554,-0.547,-0.002020
4.541,-0.772,1.938,1.248,-2.875,2.052,-0.629,-0.002311
4.569,-1.591,2.200,2.225,-2.739,1.503,-0.715,-0.002628
4.599,-1.703,2.245,3.066,-2.632,1.018,-0.784,-0.002908
4.632,-1.272,2.008,3.644,-2.471,0.671,-0.827,-0.003108
4.664,-1.069,1.890,4.063,-2.298,0.406,-0.853,-0.003260
4.697,0.853,1.371,3.878,-2.007,0.469,-0.823,-0.003221
4.731,2.088,0.994,3.377,-1.656,0.707,-0.764,-0.003080
4.764,3.616,0.113,2.533,-1.118,1.140,-0.675,-0.002826
4.797,5.698,-0.914,1.254,-0.386,1.820,-0.549,-0.002428
4.828,6.436,-0.812,-0.020,0.199,2.510,-0.428,-0.002025
4.863,6.659,-0.489,-1.146,0.598,3.130,-0.325,-0.001663
4.896,6.586,0.004,-2.064,0.796,3.647,-0.245,-0.001361
4.930,5.919,1.066,-2.645,0.670,3.986,-0.199,-0.001163
4.963,4.973,2.108,-2.865,0.278,4.133,-0.188,-0.001077
4.997,3.772,2.973,-2.714,-0.287,4.078,-0.211,-0.001109
5.030,1.818,3.433,-2.048,-0.884,3.738,-0.282,-0.001306
5.061,0.743,3.531,-1.193,-1.408,3.287,-0.367,-0.001567
5.091,0.119,3.416,-0.305,-1.811,2.810,-0.453,-0.001844
5.124,-0.264,3.070,0.543,-2.050,2.347,-0.532,-0.002112
5.150,-0.363,2.424,1.277,-2.068,1.938,-0.598,-0.002349
5.175,-0.376,2.114,1.891,-1.994,1.588,-0.650,-0.002550
5.198,-0.114,1.502,2.328,-1.761,1.329,-0.683,-0.002699
5.222,0.290,0.695,2.578,-1.341,1.170,-0.699,-0.002790
5.251,0.583,-0.311,2.699,-0.714,1.078,-0.701,-0.002841
5.279,0.499,-0.956,2.817,-0.012,0.988,-0.703,-0.002892
5.305,0.107,-1.973,3.015,0.852,0.852,-0.712,-0.002968
5.332,0.094,-2.444,3.176,1.699,0.735,-0.716,-0.003035
5.363,0.528,-2.074,3.184,2.302,0.700,-0.707,-0.003053
5.397,1.182,-1.283,3.004,2.584,0.769,-0.680,-0.003010
5.431,2.280,0.119,2.547,2.430,0.992,-0.628,-0.002879
5.466,3.286,1.256,1.884,1.985,1.333,-0.558,-0.002678
5.499,4.948,3.140,0.872,1.094,1.873,-0.459,-0.002363
5.534,5.470,4.337,-0.118,0.020,2.410,-0.366,-0.002049
5.568,5.255,4.810,-0.887,-1.008,2.835,-0.296,-0.001801
5.601,4.672,5.138,-1.369,-1.955,3.109,-0.255,-0.001640
5.633,4.097,5.001,-1.611,-2.704,3.256,-0.237,-0.001554
5.665,3.496,4.360,-1.645,-3.148,3.291,-0.240,-0.001533
5.696,2.950,3.449,-1.521,-3.264,3.239,-0.257,-0.001563
5.728,2.339,2.308,-1.246,-3.042,3.102,-0.288,-0.001641
5.759,1.602,1.154,-0.812,-2.534,2.876,-0.332,-0.001772
5.791,0.884,-0.050,-0.251,-1.776,2.575,-0.386,-0.001946
5.821,0.606,-0.627,0.294,-0.980,2.278,-0.437,-0.002118
5.850,0.456,-0.915,0.791,-0.234,2.003,-0.482,-0.002277
5.881,0.367,-0.870,1.228,0.378,1.755,-0.520,-0.002420
5.910,0.568,-0.186,1.535,0.701,1.574,-0.544,-0.002523
5.934,0.730,0.413,1.744,0.806,1.445,-0.558,-0.002597
5.957,0.856,1.040,1.880,0.720,1.354,-0.565,-0.002649
5.981,1.142,1.994,1.911,0.386,1.319,-0.561,-0.002667
6.010,1.498,2.476,1.835,-0.026,1.343,-0.548,-0.002651
6.039,2.021,3.015,1.624,-0.518,1.442,-0.523,-0.002592
6.071,2.838,2.838,1.221,-0.880,1.649,-0.480,-0.002470
6.104,3.587,2.227,0.677,-1.015,1.937,-0.427,-0.002301
6.138,4.052,1.694,0.093,-0.979,2.252,-0.371,-0.002117
6.170,4.285,1.242,-0.458,-0.825,2.555,-0.320,-0.001939
6.204,4.608,0.658,-1.005,-0.535,2.862,-0.272,-0.001760
6.238,4.539,0.746,-1.441,-0.315,3.112,-0.235,-0.001614
6.272,4.224,1.128,-1.716,-0.235,3.277,-0.215,-0.001517
6.306,3.911,1.433,-1.856,-0.252,3.371,-0.208,-0.001462
6.341,3.412,1.759,-1.832,-0.354,3.376,-0.217,-0.001458
6.375,2.502,2.058,-1.559,-0.521,3.244,-0.249,-0.001534
6.410,1.993,2.123,-1.187,-0.677,3.055,-0.288,-0.001644
6.442,1.563,2.001,-0.756,-0.773,2.830,-0.332,-0.001774
6.474,1.276,1.857,-0.316,-0.812,2.595,-0.375,-0.001909
6.506,1.153,1.813,0.087,-0.831,2.377,-0.413,-0.002035
6.538,1.143,1.741,0.426,-0.826,2.190,-0.444,-0.002143
6.570,1.405,1.636,0.637,-0.791,2.070,-0.462,-0.002211
6.600,1.899,1.548,0.678,-0.737,2.042,-0.464,-0.002226
6.629,2.478,1.605,0.552,-0.705,2.105,-0.450,-0.002188
6.659,3.104,1.717,0.275,-0.708,2.252,-0.423,-0.002101
6.683,3.538,1.915,-0.075,-0.763,2.443,-0.390,-0.001989
6.707,4.319,2.337,-0.581,-0.922,2.723,-0.344,-0.001825
6.732,4.831,2.621,-1.142,-1.131,3.037,-0.295,-0.001641
6.761,5.424,3.077,-1.769,-1.427,3.394,-0.242,-0.001433
6.790,6.084,3.871,-2.468,-1.888,3.796,-0.184,-0.001198
6.819,6.748,4.732,-3.227,-2.504,4.238,-0.122,-0.000941
6.849,6.558,5.275,-3.801,-3.160,4.585,-0.081,-0.000738
6.878,5.689,4.956,-4.034,-3.614,4.751,-0.072,-0.000642
6.908,4.701,4.193,-3.949,-3.776,4.743,-0.094,-0.000646
6.941,3.629,3.176,-3.575,-3.626,4.575,-0.142,-0.000743
6.975,2.214,1.458,-2.867,-3.023,4.220,-0.219,-0.000949
7.008,1.135,0.304,-1.974,-2.197,3.756,-0.311,-0.001219
7.041,-0.172,-0.994,-0.866,-1.147,3.166,-0.419,-0.001561
7.073,-1.266,-2.473,0.361,0.136,2.499,-0.535,-0.001948
7.108,-1.090,-2.584,1.338,1.238,1.958,-0.623,-0.002261
7.142,-0.851,-2.283,2.086,2.073,1.533,-0.687,-0.002506
7.178,-0.161,-1.280,2.518,2.492,1.276,-0.720,-0.002654
7.212,0.792,-0.044,2.612,2.498,1.200,-0.720,-0.002697
7.247,2.240,1.792,2.290,1.996,1.352,-0.682,-0.002606
7.281,3.379,3.064,1.705,1.224,1.653,-0.621,-0.002429
7.315,4.698,4.300,0.851,0.238,2.106,-0.537,-0.002163
7.352,5.407,4.938,-0.058,-0.762,2.599,-0.450,-0.001875
7.385,5.547,5.353,-0.856,-1.709,3.039,-0.378,-0.001618
7.412,5.433,5.466,-1.489,-2.528,3.396,-0.323,-0.001409
7.438,5.038,5.202,-1.907,-3.134,3.641,-0.289,-0.001266
7.462,4.532,4.606,-2.114,-3.471,3.773,-0.277,-0.001188
7.488,3.425,3.160,-1.979,-3.350,3.719,-0.297,-0.001218
7.516,1.982,1.945,-1.468,-2.909,3.457,-0.350,-0.001370
7.544,0.485,1.253,-0.629,-2.345,3.010,-0.432,-0.001629
7.576,-0.366,1.184,0.306,-1.849,2.501,-0.520,-0.001924
7.609,-0.913,1.538,1.236,-1.527,1.986,-0.605,-0.002222
7.642,-1.088,1.888,2.058,-1.349,1.522,-0.676,-0.002490
7.675,-0.975,2.081,2.709,-1.250,1.144,-0.729,-0.002708
7.709,0.470,1.853,2.853,-1.103,1.039,-0.733,-0.002767
7.743,1.582,1.610,2.662,-0.911,1.117,-0.706,-0.002719
7.776,3.184,1.116,2.059,-0.614,1.424,-0.642,-0.002539
7.809,4.247,1.004,1.260,-0.335,1.844,-0.561,-0.002293
7.841,4.951,1.000,0.397,-0.099,2.307,-0.478,-0.002022
7.874,5.322,1.109,-0.426,0.067,2.757,-0.401,-0.001758
7.908,5.491,1.397,-1.160,0.127,3.165,-0.336,-0.001520
7.943,5.253,1.808,-1.705,0.065,3.477,-0.290,-0.001338
7.976,4.570,2.615,-1.970,-0.209,3.639,-0.271,-0.001242
8.011,3.655,3.044,-1.937,-0.554,3.640,-0.281,-0.001241
8.042,2.646,3.127,-1.629,-0.864,3.490,-0.316,-0.001328
8.073,1.752,3.146,-1.124,-1.127,3.227,-0.368,-0.001479
8.104,1.173,3.015,-0.541,-1.309,2.917,-0.425,-0.001659
8.135,0.833,2.556,0.041,-1.333,2.603,-0.481,-0.001840
8.163,0.737,2.247,0.553,-1.266,2.320,-0.528,-0.002003
8.187,0.555,1.776,1.030,-1.079,2.053,-0.570,-0.002157
8.212,0.446,1.297,1.455,-0.790,1.809,-0.605,-0.002298
8.236,0.347,0.625,1.834,-0.364,1.587,-0.635,-0.002425
8.264,0.196,0.045,2.187,0.151,1.375,-0.661,-0.002546
8.292,-0.481,-0.842,2.661,0.822,1.093,-0.698,-0.002708
8.319,-0.875,-1.458,3.158,1.548,0.795,-0.734,-0.002880
8.348,-0.761,-1.162,3.534,2.070,0.558,-0.758,-0.003016
8.380,-0.142,-0.460,3.670,2.308,0.449,-0.759,-0.003077
8.414,0.732,0.218,3.537,2.317,0.487,-0.734,-0.003052
8.449,2.219,1.666,3.010,1.922,0.743,-0.674,-0.002901
8.484,3.599,2.979,2.187,1.229,1.168,-0.589,-0.002652
8.518,5.473,4.686,0.981,0.180,1.811,-0.471,-0.002276
8.553,5.667,5.220,-0.081,-0.843,2.387,-0.370,-0.001940
8.585,5.500,5.172,-0.924,-1.683,2.852,-0.293,-0.001668
8.617,5.139,4.774,-1.528,-2.274,3.194,-0.241,-0.001469
8.648,4.646,4.146,-1.894,-2.591,3.410,-0.213,-0.001342
8.680,4.188,3.418,-2.070,-2.652,3.526,-0.203,-0.001274
8.711,3.499,2.739,-2.024,-2.511,3.521,-0.215,-0.001276
8.743,2.743,1.973,-1.774,-2.178,3.403,-0.245,-0.001344
8.774,1.890,1.121,-1.327,-1.663,3.175,-0.292,-0.001476
8.806,1.095,0.303,-0.734,-1.006,2.861,-0.351,-0.001658
8.836,0.514,-0.106,-0.078,-0.342,2.508,-0.414,-0.001863
8.866,0.059,-0.285,0.595,0.261,2.138,-0.476,-0.002076
8.896,-0.137,-0.134,1.210,0.723,1.795,-0.530,-0.002275
8.924,-0.053,0.395,1.698,0.963,1.515,-0.571,-0.002436
8.947,0.080,0.972,2.065,1.003,1.297,-0.599,-0.002562
8.972,0.239,2.031,2.323,0.744,1.135,-0.616,-0.002654
9.000,0.541,3.125,2.451,0.228,1.043,-0.620,-0.002706
9.028,0.819,4.399,2.475,-0.553,1.006,-0.614,-0.002725
9.057,1.003,5.013,2.439,-1.372,1.003,-0.603,-0.002725
9.087,1.126,5.297,2.369,-2.131,1.018,-0.588,-0.002715
9.119,1.725,5.037,2.141,-2.690,1.121,-0.559,-0.002653
9.153,2.228,4.277,1.808,-2.943,1.284,-0.522,-0.002556
9.186,2.635,3.231,1.414,-2.863,1.485,-0.480,-0.002438
9.219,3.258,2.025,0.911,-2.460,1.748,-0.429,-0.002284
9.254,4.384,-0.064,0.182,-1.549,2.141,-0.359,-0.002054
9.286,4.816,-0.823,-0.546,-0.576,2.541,-0.292,-0.001820
9.321,4.756,-0.780,-1.137,0.226,2.872,-0.240,-0.001627
9.355,4.421,-0.546,-1.536,0.832,3.103,-0.207,-0.001492
9.390,3.650,0.047,-1.655,1.173,3.184,-0.202,-0.001444
9.424,2.906,0.762,-1.548,1.261,3.141,-0.217,-0.001468
9.458,2.039,1.475,-1.218,1.135,2.975,-0.253,-0.001564
9.491,1.163,2.371,-0.700,0.783,2.702,-0.305,-0.001722
9.526,0.723,3.039,-0.145,0.303,2.403,-0.358,-0.001895
9.558,0.433,3.635,0.399,-0.261,2.106,-0.409,-0.002067
9.589,0.530,4.074,0.826,-0.853,1.868,-0.447,-0.002205
9.617,1.011,4.278,1.050,-1.402,1.737,-0.465,-0.002279
9.647,1.520,4.226,1.096,-1.843,1.702,-0.466,-0.002298
9.673,2.219,4.022,0.941,-2.152,1.777,-0.448,-0.002253
9.699,2.792,3.890,0.653,-2.370,1.927,-0.419,-0.002165
9.725,3.396,3.727,0.246,-2.502,2.145,-0.379,-0.002037
9.754,4.841,3.265,-0.489,-2.480,2.548,-0.311,-0.001801
9.783,6.226,3.585,-1.479,-2.543,3.098,-0.222,-0.001480
9.814,7.005,4.280,-2.515,-2.780,3.683,-0.132,-0.001139
9.843,6.988,4.345,-3.370,-2.988,4.178,-0.063,-0.000851
9.873,6.532,3.810,-3.951,-3.010,4.531,-0.021,-0.000646
9.903,5.548,3.189,-4.158,-2.851,4.683,-0.015,-0.000557
9.936,4.366,2.605,-3.998,-2.552,4.636,-0.044,-0.000584
9.970,3.054,1.821,-3.496,-2.083,4.398,-0.104,-0.000722
10.003,1.137,0.589,-2.545,-1.350,3.909,-0.203,-0.001007
10.037,-0.554,-0.544,-1.282,-0.426,3.238,-0.328,-0.001396
10.069,-1.735,-1.397,0.098,0.579,2.491,-0.459,-0.001830
10.103,-1.896,-1.065,1.297,1.327,1.830,-0.569,-0.002213
10.137,-1.886,-0.751,2.292,1.863,1.270,-0.656,-0.002538
10.172,-1.052,0.411,2.892,1.988,0.918,-0.703,-0.002740
10.207,-0.062,1.722,3.115,1.730,0.768,-0.714,-0.002826
10.241,1.414,3.315,2.891,1.075,0.861,-0.683,-0.002769
10.276,2.755,4.278,2.332,0.261,1.142,-0.622,-0.002604
10.311,3.876,4.808,1.552,-0.565,1.549,-0.543,-0.002366
10.342,4.883,5.105,0.622,-1.336,2.046,-0.452,-0.002075
10.373,5.072,5.092,-0.208,-1.974,2.498,-0.374,-0.001811
10.400,5.115,4.985,-0.914,-2.473,2.888,-0.310,-0.001582
10.425,4.863,4.400,-1.432,-2.726,3.183,-0.266,-0.001410
10.451,4.460,3.708,-1.752,-2.742,3.373,-0.241,-0.001298
10.475,3.770,2.261,-1.827,-2.355,3.432,-0.241,-0.001264
10.500,3.169,1.430,-1.721,-1.799,3.391,-0.257,-0.001287
10.533,2.420,0.164,-1.423,-0.985,3.244,-0.290,-0.001371
10.566,2.548,-0.399,-1.206,-0.150,3.138,-0.315,-0.001432
10.597,2.777,-0.638,-1.083,0.613,3.082,-0.330,-0.001464
10.629,2.881,-0.578,-1.005,1.233,3.051,-0.341,-0.001481
10.661,2.880,-0.090,-0.938,1.614,3.023,-0.351,-0.001496
10.695,2.761,1.114,-0.846,1.599,2.982,-0.363,-0.001519
10.730,2.302,2.231,-0.642,1.277,2.878,-0.384,-0.001578
10.763,2.055,3.246,-0.403,0.728,2.753,-0.408,-0.001650
10.798,1.897,3.819,-0.158,0.110,2.622,-0.432,-0.001725
10.832,1.722,4.044,0.094,-0.469,2.485,-0.456,-0.001804
10.864,1.639,4.152,0.328,-0.983,2.356,-0.477,-0.001878
10.897,1.581,3.991,0.538,-1.366,2.237,-0.496,-0.001945
10.928,1.713,3.493,0.676,-1.547,2.156,-0.507,-0.001991
10.960,1.946,2.910,0.727,-1.537,2.122,-0.509,-0.002009
10.992,2.324,2.245,0.664,-1.344,2.150,-0.501,-0.001992
11.024,2.902,1.527,0.452,-0.984,2.260,-0.479,-0.001926
11.057,3.348,1.128,0.153,-0.572,2.421,-0.450,-0.001831
11.087,3.584,0.982,-0.162,-0.188,2.593,-0.421,-0.001729
11.117,3.715,1.002,-0.461,0.128,2.759,-0.394,-0.001632
11.147,3.622,1.146,-0.684,0.352,2.887,-0.376,-0.001556
11.177,3.124,1.509,-0.733,0.439,2.921,-0.374,-0.001536
11.202,2.816,1.796,-0.688,0.431,2.903,-0.380,-0.001545
11.226,2.520,2.276,-0.567,0.292,2.844,-0.394,-0.001578
11.250,2.396,2.638,-0.432,0.075,2.775,-0.408,-0.001617
11.282,2.198,2.923,-0.263,-0.185,2.686,-0.425,-0.001667
11.316,2.157,3.006,-0.110,-0.424,2.605,-0.440,-0.001714
11.349,2.162,3.082,0.017,-0.645,2.536,-0.452,-0.001752
11.381,2.366,3.087,0.068,-0.830,2.508,-0.457,-0.001767
11.414,2.344,2.992,0.116,-0.957,2.481,-0.461,-0.001781
11.448,2.091,2.547,0.224,-0.941,2.420,-0.471,-0.001815
11.482,1.811,1.916,0.391,-0.753,2.327,-0.486,-0.001869
11.517,1.659,1.460,0.571,-0.471,2.224,-0.501,-0.001927
11.552,1.610,1.258,0.733,-0.179,2.129,-0.514,-0.001981
11.586,1.723,1.051,0.836,0.121,2.066,-0.521,-0.002016
11.621,1.872,1.218,0.880,0.325,2.034,-0.522,-0.002033
11.655,2.078,1.404,0.857,0.444,2.038,-0.517,-0.002029
11.690,2.233,1.555,0.795,0.500,2.065,-0.509,-0.002012
11.723,2.441,1.826,0.683,0.470,2.119,-0.496,-0.001979
11.758,2.602,2.290,0.545,0.318,2.189,-0.481,-0.001937
11.790,2.612,2.511,0.425,0.128,2.250,-0.468,-0.001900
11.822,2.574,2.685,0.333,-0.079,2.296,-0.459,-0.001872
11.853,2.445,2.910,0.292,-0.313,2.316,-0.454,-0.001859
11.883,2.168,2.990,0.332,-0.531,2.292,-0.457,-0.001872
11.908,1.924,3.059,0.431,-0.732,2.234,-0.465,-0.001904
11.934,1.686,3.226,0.577,-0.943,2.150,-0.477,-0.001952
11.958,1.226,3.475,0.824,-1.187,2.009,-0.497,-0.002032
11.985,0.785,3.633,1.148,-1.431,1.823,-0.525,-0.002139
12.014,0.483,3.798,1.498,-1.676,1.619,-0.553,-0.002256
12.043,-1.354,5.229,2.287,-2.268,1.170,-0.620,-0.002515
12.072,-1.903,5.950,3.091,-2.954,0.706,-0.687,-0.002784
12.102,-1.755,5.733,3.715,-3.461,0.334,-0.733,-0.002999
12.131,-1.162,4.996,4.065,-3.676,0.106,-0.753,-0.003129
12.162,-0.252,4.088,4.099,-3.600,0.048,-0.743,-0.003160
12.194,0.813,2.975,3.826,-3.223,0.159,-0.704,-0.003094
12.229,2.567,1.115,3.110,-2.394,0.517,-0.625,-0.002883
12.262,3.933,-0.297,2.132,-1.311,1.026,-0.525,-0.002585
12.296,5.413,-1.877,0.905,0.028,1.682,-0.406,-0.002202
12.328,6.313,-2.457,-0.369,1.304,2.374,-0.286,-0.001798
12.374,6.280,-1.860,-1.423,2.205,2.959,-0.191,-0.001457
12.411,5.968,-0.681,-2.215,2.630,3.409,-0.123,-0.001195
12.446,5.508,0.300,-2.747,2.710,3.723,-0.082,-0.001012
12.480,4.110,1.906,-2.803,2.331,3.781,-0.086,-0.000978
12.514,2.619,3.315,-2.435,1.624,3.606,-0.130,-0.001079
12.549,0.594,4.964,-1.570,0.578,3.154,-0.217,-0.001342
12.579,-0.491,5.737,-0.547,-0.509,2.606,-0.317,-0.001660
12.610,-1.072,6.143,0.469,-1.528,2.053,-0.412,-0.001981
12.641,-1.113,6.240,1.328,-2.404,1.576,-0.489,-0.002257
12.666,-1.007,6.110,2.013,-3.094,1.186,-0.548,-0.002483
12.691,-0.468,5.568,2.435,-3.516,0.935,-0.580,-0.002627
12.714,0.236,4.840,2.589,-3.662,0.827,-0.586,-0.002688
12.741,1.837,3.300,2.275,-3.356,0.976,-0.549,-0.002600
12.768,3.750,2.340,1.485,-2.830,1.389,-0.469,-0.002358
12.797,4.660,2.268,0.573,-2.364,1.877,-0.380,-0.002073
12.828,5.840,2.784,-0.513,-2.110,2.470,-0.279,-0.001727
12.862,6.166,2.931,-1.508,-1.932,3.023,-0.189,-0.001404
12.894,6.121,3.134,-2.323,-1.835,3.487,-0.120,-0.001134
12.928,5.647,3.329,-2.869,-1.803,3.810,-0.078,-0.000945
12.961,4.937,3.122,-3.125,-1.716,3.979,-0.064,-0.000847
12.995,4.083,2.847,-3.097,-1.564,3.994,-0.078,-0.000838
13.027,3.123,2.404,-2.804,-1.313,3.863,-0.115,-0.000914
13.061,1.506,1.493,-2.111,-0.853,3.509,-0.188,-0.001120
13.092,0.252,0.776,-1.185,-0.271,3.019,-0.281,-0.001404
13.125,-0.489,0.623,-0.205,0.257,2.492,-0.375,-0.001710
13.159,-1.022,0.644,0.760,0.691,1.963,-0.464,-0.002017
13.193,-1.161,0.960,1.603,0.965,1.492,-0.539,-0.002289
13.226,-0.981,1.493,2.254,1.046,1.118,-0.593,-0.002505
13.261,-0.278,2.567,2.601,0.817,0.906,-0.618,-0.002627
13.294,0.562,3.335,2.656,0.413,0.851,-0.614,-0.002657
13.327,1.570,3.950,2.420,-0.094,0.956,-0.583,-0.002594
13.358,2.616,4.291,1.931,-0.611,1.202,-0.531,-0.002449
13.389,3.297,4.542,1.332,-1.111,1.514,-0.469,-0.002267
13.416,3.741,4.714,0.707,-1.574,1.845,-0.408,-0.002072
13.444,3.975,4.470,0.119,-1.891,2.163,-0.351,-0.001886
13.470,4.158,3.795,-0.423,-1.968,2.460,-0.301,-0.001712
13.497,4.001,3.334,-0.832,-1.903,2.690,-0.266,-0.001578
13.525,3.482,2.378,-1.030,-1.583,2.807,-0.250,-0.001509
13.558,3.293,1.423,-1.141,-1.052,2.879,-0.244,-0.001466
13.591,3.410,0.532,-1.263,-0.364,2.957,-0.237,-0.001420
13.621,3.176,0.022,-1.297,0.351,2.989,-0.238,-0.001401
13.654,2.889,0.126,-1.245,0.918,2.973,-0.247,-0.001410
13.688,2.390,0.679,-1.061,1.238,2.884,-0.269,-0.001460
13.722,1.529,1.763,-0.670,1.207,2.679,-0.308,-0.001579
13.756,1.379,2.039,-0.300,1.101,2.483,-0.344,-0.001692
13.790,1.264,2.241,0.041,0.954,2.298,-0.377,-0.001799
13.824,1.158,1.980,0.355,0.898,2.125,-0.406,-0.001898
13.858,1.185,1.389,0.609,1.010,1.982,-0.428,-0.001980
13.894,1.469,0.310,0.743,1.394,1.903,-0.438,-0.002025
13.930,1.877,-0.863,0.742,2.030,1.897,-0.436,-0.002027
13.966,2.257,-1.610,0.635,2.759,1.949,-0.424,-0.001996
14.002,2.765,-2.153,0.406,3.509,2.069,-0.401,-0.001925
14.036,2.985,-2.315,0.154,4.169,2.204,-0.376,-0.001845
14.066,3.026,-2.238,-0.068,4.688,2.326,-0.356,-0.001773
14.095,2.834,-2.092,-0.202,5.070,2.400,-0.344,-0.001729
14.124,2.137,-1.489,-0.123,5.210,2.359,-0.352,-0.001752
14.153,1.078,-0.490,0.232,5.041,2.165,-0.385,-0.001863
14.181,0.336,0.319,0.731,4.665,1.889,-0.430,-0.002023
14.208,-0.742,1.687,1.440,3.964,1.492,-0.493,-0.002253
14.233,-1.158,2.847,2.142,3.052,1.092,-0.552,-0.002484
14.260,-0.987,3.293,2.677,2.159,0.777,-0.594,-0.002665
14.286,-0.587,3.311,3.008,1.401,0.570,-0.616,-0.002784
14.313,-0.095,2.652,3.143,0.942,0.467,-0.618,-0.002842
14.341,0.182,1.864,3.172,0.770,0.421,-0.611,-0.002867
14.372,0.665,0.151,3.056,1.090,0.455,-0.589,-0.002846
14.405,1.464,-0.060,2.734,1.412,0.603,-0.550,-0.002758
14.439,2.244,0.350,2.245,1.565,0.847,-0.496,-0.002615
14.473,3.882,1.471,1.385,1.382,1.299,-0.409,-0.002350
14.506,5.042,2.656,0.346,0.903,1.859,-0.310,-0.002023
14.540,5.130,3.356,-0.548,0.308,2.348,-0.227,-0.001738
14.571,4.811,3.207,-1.207,-0.150,2.716,-0.168,-0.001523
14.602,4.535,3.185,-1.679,-0.528,2.988,-0.129,-0.001364
14.635,3.659,2.875,-1.830,-0.758,3.088,-0.121,-0.001306
14.667,2.911,2.440,-1.748,-0.831,3.061,-0.135,-0.001321
14.697,2.191,2.046,-1.478,-0.783,2.930,-0.166,-0.001397
14.728,1.587,1.678,-1.084,-0.641,2.728,-0.208,-0.001514
14.759,1.128,1.324,-0.626,-0.425,2.487,-0.253,-0.001654
14.791,0.980,1.103,-0.201,-0.184,2.259,-0.295,-0.001785
14.821,0.847,0.952,0.191,0.059,2.046,-0.331,-0.001908
14.851,0.850,0.995,0.517,0.249,1.865,-0.361,-0.002013
14.880,1.037,1.171,0.738,0.359,1.739,-0.380,-0.002085
14.909,1.409,1.381,0.819,0.392,1.687,-0.385,-0.002114
14.933,1.689,1.566,0.809,0.367,1.686,-0.381,-0.002114
14.956,2.014,1.940,0.710,0.243,1.733,-0.370,-0.002085
14.980,2.138,2.247,0.592,0.055,1.792,-0.357,-0.002050
15.006,2.220,2.546,0.469,-0.186,1.854,-0.343,-0.002012
15.038,2.127,2.961,0.390,-0.500,1.894,-0.335,-0.001989
15.071,1.964,3.213,0.368,-0.830,1.902,-0.332,-0.001982
15.103,1.755,3.374,0.406,-1.149,1.879,-0.334,-0.001995
15.135,1.530,3.498,0.498,-1.447,1.825,-0.341,-0.002026
15.167,1.702,2.965,0.527,-1.547,1.805,-0.343,-0.002037
15.201,2.029,2.054,0.460,-1.380,1.837,-0.335,-0.002017
15.233,2.609,0.806,0.246,-0.897,1.951,-0.314,-0.001949
15.266,3.057,0.314,-0.056,-0.357,2.115,-0.286,-0.001853
15.297,3.338,0.115,-0.385,0.148,2.297,-0.256,-0.001746
15.331,3.485,-0.045,-0.698,0.613,2.474,-0.229,-0.001643
15.364,3.481,0.091,-0.958,0.963,2.624,-0.207,-0.001555
15.399,3.294,0.374,-1.121,1.175,2.723,-0.196,-0.001496
15.431,2.886,0.849,-1.143,1.218,2.747,-0.198,-0.001482
15.466,2.201,1.590,-0.971,1.049,2.664,-0.218,-0.001530
15.499,1.730,2.161,-0.697,0.749,2.523,-0.246,-0.001611
15.533,1.463,2.661,-0.393,0.359,2.363,-0.277,-0.001704
15.564,1.261,3.085,-0.082,-0.084,2.196,-0.307,-0.001800
15.594,1.240,3.295,0.183,-0.513,2.051,-0.331,-0.001883
15.623,1.562,3.370,0.317,-0.891,1.976,-0.343,-0.001926
15.653,1.957,3.397,0.321,-1.212,1.971,-0.343,-0.001928
15.678,2.431,3.540,0.194,-1.517,2.039,-0.330,-0.001887
15.702,2.872,3.672,-0.033,-1.805,2.162,-0.309,-0.001815
15.728,3.570,3.828,-0.412,-2.084,2.372,-0.274,-0.001692
15.756,4.580,4.053,-1.003,-2.374,2.702,-0.222,-0.001499
15.786,5.908,4.841,-1.857,-2.826,3.181,-0.147,-0.001219
15.815,6.486,5.386,-2.723,-3.345,3.676,-0.074,-0.000931
15.844,6.656,5.400,-3.486,-3.775,4.123,-0.013,-0.000671
15.873,6.415,4.422,-4.048,-3.858,4.467,0.026,-0.000471
15.903,5.582,3.374,-4.281,-3.633,4.634,0.034,-0.000374
15.935,4.559,2.438,-4.186,-3.181,4.623,0.010,-0.000380
15.968,3.060,0.957,-3.686,-2.392,4.389,-0.050,-0.000516
16.002,1.733,-0.058,-2.897,-1.450,3.990,-0.135,-0.000748
16.035,0.231,-1.114,-1.821,-0.371,3.426,-0.243,-0.001076
16.067,-1.395,-2.437,-0.473,0.891,2.701,-0.373,-0.001497
16.101,-1.560,-2.036,0.701,1.834,2.060,-0.483,-0.001869
16.137,-1.529,-1.415,1.671,2.447,1.519,-0.569,-0.002182
16.173,-1.128,-0.293,2.369,2.647,1.119,-0.628,-0.002413
16.208,-0.117,1.523,2.671,2.311,0.931,-0.648,-0.002521
16.241,1.034,2.815,2.602,1.672,0.943,-0.632,-0.002512
16.275,2.305,4.078,2.192,0.788,1.144,-0.586,-0.002393
16.309,3.748,5.227,1.450,-0.267,1.532,-0.511,-0.002166
16.339,4.559,5.526,0.605,-1.230,1.983,-0.428,-0.001902
16.370,4.828,5.618,-0.176,-2.058,2.408,-0.355,-0.001653
16.396,4.775,5.666,-0.815,-2.758,2.761,-0.297,-0.001447
16.423,4.541,5.405,-1.282,-3.266,3.027,-0.257,-0.001292
16.448,3.883,4.472,-1.490,-3.429,3.154,-0.242,-0.001217
16.474,3.233,3.443,-1.483,-3.276,3.165,-0.248,-0.001210
16.501,2.349,2.026,-1.232,-2.754,3.041,-0.276,-0.001281
16.529,1.462,0.922,-0.777,-2.011,2.803,-0.322,-0.001419
16.560,0.752,0.399,-0.201,-1.242,2.493,-0.378,-0.001598
16.593,0.344,0.487,0.392,-0.621,2.169,-0.433,-0.001786
16.625,0.184,0.835,0.930,-0.196,1.869,-0.481,-0.001959
16.657,0.372,1.243,1.327,0.048,1.642,-0.515,-0.002089
16.689,1.652,1.321,1.306,0.230,1.641,-0.508,-0.002089
16.722,2.691,1.358,1.002,0.371,1.796,-0.476,-0.001997
16.755,3.429,1.674,0.545,0.400,2.039,-0.431,-0.001854
16.788,3.879,1.946,0.038,0.349,2.312,-0.383,-0.001694
16.822,4.214,2.169,-0.477,0.244,2.596,-0.335,-0.001528
16.855,4.334,2.281,-0.938,0.124,2.855,-0.295,-0.001376
16.889,4.220,2.545,-1.291,-0.049,3.058,-0.266,-0.001257
16.922,3.930,2.703,-1.503,-0.237,3.188,-0.251,-0.001181
16.956,3.489,2.601,-1.556,-0.367,3.231,-0.251,-0.001155
16.990,2.742,2.561,-1.393,-0.465,3.157,-0.271,-0.001197
17.022,2.301,2.428,-1.132,-0.510,3.027,-0.300,-0.001272
17.053,1.981,2.291,-0.824,-0.509,2.869,-0.332,-0.001363
17.083,1.833,2.236,-0.524,-0.493,2.712,-0.363,-0.001454
17.113,1.818,2.070,-0.268,-0.435,2.576,-0.388,-0.001532
17.143,1.759,1.928,-0.037,-0.346,2.451,-0.410,-0.001603
17.168,1.858,1.884,0.129,-0.260,2.360,-0.426,-0.001655
17.191,1.982,1.739,0.234,-0.149,2.301,-0.435,-0.001688
17.215,1.884,1.607,0.348,-0.020,2.237,-0.445,-0.001724
17.240,1.858,1.155,0.450,0.210,2.178,-0.453,-0.001757
17.268,1.837,0.990,0.539,0.446,2.124,-0.460,-0.001787
17.297,1.734,0.956,0.641,0.651,2.063,-0.467,-0.001821
17.330,1.753,1.062,0.719,0.790,2.015,-0.472,-0.001848
17.368,1.807,1.128,0.767,0.886,1.981,-0.475,-0.001866
17.400,1.561,0.873,0.873,1.033,1.916,-0.482,-0.001903
17.433,1.785,1.220,0.898,1.057,1.894,-0.481,-0.001914
17.467,2.231,1.818,0.795,0.911,1.942,-0.469,-0.001885
17.501,2.340,2.390,0.677,0.630,1.999,-0.455,-0.001850
17.534,2.389,2.645,0.564,0.323,2.056,-0.443,-0.001816
17.567,2.432,2.660,0.456,0.061,2.110,-0.431,-0.001783
17.601,2.358,2.594,0.385,-0.142,2.145,-0.423,-0.001761
17.631,2.355,2.463,0.325,-0.275,2.174,-0.417,-0.001743
17.663,2.322,2.348,0.283,-0.356,2.194,-0.412,-0.001730
17.694,2.315,2.131,0.250,-0.364,2.210,-0.408,-0.001720
17.724,2.143,1.831,0.268,-0.288,2.198,-0.409,-0.001726
17.756,1.929,1.568,0.341,-0.154,2.156,-0.415,-0.001749
17.788,1.742,1.405,0.452,0.003,2.092,-0.424,-0.001785
17.818,1.717,1.264,0.550,0.171,2.033,-0.431,-0.001818
17.848,1.686,1.229,0.640,0.321,1.979,-0.438,-0.001848
17.876,1.635,1.357,0.727,0.409,1.925,-0.444,-0.001878
17.903,1.700,1.587,0.780,0.418,1.889,-0.446,-0.001898
17.926,1.744,1.883,0.811,0.344,1.865,-0.447,-0.001911
17.949,1.693,2.311,0.848,0.163,1.837,-0.447,-0.001926
17.973,1.444,3.014,0.945,-0.181,1.776,-0.453,-0.001960
17.999,1.331,3.409,1.054,-0.576,1.707,-0.460,-0.001999
18.027,0.906,4.058,1.259,-1.083,1.584,-0.476,-0.002069
18.055,0.387,4.554,1.568,-1.640,1.402,-0.500,-0.002173
18.088,0.018,4.833,1.923,-2.177,1.192,-0.527,-0.002294
18.119,0.133,4.673,2.183,-2.578,1.031,-0.545,-0.002386
18.152,0.366,3.879,2.332,-2.691,0.928,-0.551,-0.002444
18.186,0.994,2.409,2.279,-2.379,0.935,-0.539,-0.002439
18.219,1.909,1.026,1.979,-1.735,1.079,-0.504,-0.002354
18.251,3.236,-0.717,1.362,-0.718,1.400,-0.441,-0.002166
18.283,4.182,-1.469,0.585,0.338,1.815,-0.365,-0.001923
18.318,4.533,-1.322,-0.161,1.179,2.221,-0.294,-0.001686
18.351,4.679,-0.991,-0.825,1.788,2.588,-0.234,-0.001471
18.389,4.569,-0.164,-1.348,2.067,2.884,-0.189,-0.001298
18.422,4.027,0.910,-1.633,2.001,3.055,-0.168,-0.001198
18.456,3.104,2.236,-1.616,1.578,3.061,-0.175,-0.001194
18.488,2.316,3.094,-1.382,0.986,2.949,-0.202,-0.001259
18.522,1.492,3.883,-0.958,0.273,2.729,-0.246,-0.001386
18.553,0.622,4.370,-0.365,-0.458,2.412,-0.304,-0.001570
18.583,0.375,4.442,0.200,-1.088,2.105,-0.357,-0.001748
18.613,0.203,4.088,0.719,-1.516,1.818,-0.404,-0.001914
18.642,0.272,3.679,1.132,-1.759,1.584,-0.440,-0.002049
18.667,0.632,2.861,1.376,-1.735,1.439,-0.458,-0.002132
18.690,1.061,2.300,1.460,-1.559,1.380,-0.461,-0.002165
18.713,1.807,1.619,1.323,-1.223,1.442,-0.444,-0.002127
18.737,2.402,1.233,1.043,-0.834,1.583,-0.414,-0.002044
18.763,3.036,1.146,0.633,-0.484,1.799,-0.373,-0.001917
18.797,3.845,1.803,0.069,-0.370,2.104,-0.319,-0.001738
18.829,4.546,2.515,-0.594,-0.468,2.469,-0.259,-0.001525
18.861,5.123,3.268,-1.304,-0.755,2.866,-0.196,-0.001294
18.893,5.401,3.791,-1.969,-1.136,3.245,-0.139,-0.001073
18.925,4.818,3.631,-2.361,-1.409,3.480,-0.110,-0.000935
18.957,3.920,3.153,-2.438,-1.504,3.546,-0.111,-0.000897
18.990,2.832,2.468,-2.200,-1.393,3.438,-0.141,-0.000959
19.023,1.737,1.589,-1.696,-1.059,3.182,-0.195,-0.001108
19.055,0.483,0.748,-0.928,-0.548,2.776,-0.271,-0.001343
19.087,-0.114,0.610,-0.122,-0.082,2.341,-0.349,-0.001595
19.118,-0.261,0.488,0.593,0.340,1.949,-0.415,-0.001822
19.152,-0.245,0.550,1.185,0.674,1.618,-0.467,-0.002014
19.185,0.131,0.994,1.574,0.830,1.393,-0.499,-0.002144
19.218,0.725,1.530,1.734,0.811,1.290,-0.508,-0.002202
19.251,1.423,2.166,1.672,0.619,1.308,-0.497,-0.002190
19.285,2.305,2.902,1.377,0.255,1.455,-0.464,-0.002103
19.318,2.932,3.217,0.955,-0.136,1.674,-0.421,-0.001974
19.348,3.399,3.323,0.473,-0.492,1.931,-0.374,-0.001824
19.377,3.546,3.435,0.028,-0.820,2.171,-0.332,-0.001683
19.407,3.493,3.451,-0.329,-1.097,2.368,-0.299,-0.001567
19.432,3.365,3.378,-0.592,-1.307,2.516,-0.276,-0.001480
19.456,2.991,3.270,-0.708,-1.450,2.586,-0.268,-0.001439
19.480,2.581,3.148,-0.691,-1.534,2.584,-0.272,-0.001439
19.506,1.857,2.851,-0.478,-1.519,2.473,-0.294,-0.001503
19.534,1.397,2.853,-0.173,-1.504,2.310,-0.323,-0.001597
19.566,0.816,3.041,0.241,-1.540,2.085,-0.362,-0.001727
19.599,0.579,3.038,0.651,-1.566,1.857,-0.399,-0.001859
19.631,0.479,3.105,1.020,-1.602,1.648,-0.431,-0.001979
19.663,0.666,2.846,1.274,-1.559,1.499,-0.451,-0.002065
19.696,1.340,2.020,1.300,-1.294,1.473,-0.449,-0.002078
19.728,2.607,1.006,0.972,-0.794,1.641,-0.415,-0.001979
19.761,3.361,0.530,0.491,-0.245,1.897,-0.367,-0.001829
19.792,3.854,0.493,-0.047,0.224,2.188,-0.317,-0.001658
19.826,4.163,0.494,-0.580,0.615,2.483,-0.268,-0.001486
19.860,4.190,0.652,-1.032,0.895,2.738,-0.229,-0.001337
19.894,4.000,0.993,-1.356,1.034,2.926,-0.202,-0.001227
19.929,3.319,1.765,-1.437,0.936,2.984,-0.200,-0.001193
19.963,2.700,2.319,-1.332,0.700,2.940,-0.214,-0.001217
19.995,2.124,2.876,-1.084,0.348,2.817,-0.242,-0.001289
20.029,1.559,3.457,-0.719,-0.106,2.627,-0.279,-0.001398
20.059,1.256,3.620,-0.330,-0.531,2.420,-0.317,-0.001518
20.090,1.297,3.607,-0.014,-0.881,2.250,-0.348,-0.001616
20.119,1.465,3.402,0.203,-1.117,2.130,-0.368,-0.001685
20.149,1.692,3.137,0.323,-1.240,2.063,-0.378,-0.001723
20.174,1.970,3.003,0.347,-1.304,2.047,-0.379,-0.001731
20.198,2.466,2.863,0.230,-1.316,2.108,-0.368,-0.001694
20.222,2.790,2.767,0.044,-1.298,2.208,-0.350,-0.001635
20.248,3.363,2.605,-0.267,-1.236,2.380,-0.321,-0.001534
20.277,3.801,2.744,-0.646,-1.220,2.591,-0.287,-0.001410
20.306,4.396,3.238,-1.124,-1.338,2.861,-0.246,-0.001252
20.338,4.985,3.975,-1.680,-1.635,3.178,-0.199,-0.001067
20.370,4.679,3.858,-2.058,-1.849,3.402,-0.170,-0.000936
20.403,4.396,3.478,-2.290,-1.919,3.551,-0.156,-0.000849
20.436,3.581,2.636,-2.257,-1.744,3.554,-0.167,-0.000847
20.469,2.145,1.197,-1.832,-1.202,3.342,-0.213,-0.000970
20.501,0.934,0.111,-1.141,-0.451,2.980,-0.283,-0.001180
20.533,0.045,-0.509,-0.318,0.346,2.538,-0.362,-0.001436
20.566,-0.292,-0.544,0.462,1.021,2.112,-0.435,-0.001683
20.599,-0.404,-0.343,1.144,1.526,1.732,-0.496,-0.001903
20.633,-0.202,0.060,1.656,1.834,1.440,-0.540,-0.002071
20.669,0.849,1.231,1.793,1.767,1.348,-0.547,-0.002123
20.702,1.598,2.104,1.699,1.467,1.383,-0.532,-0.002101
20.735,2.240,2.893,1.441,0.997,1.509,-0.503,-0.002026
20.769,2.910,3.627,1.039,0.400,1.717,-0.461,-0.001904
20.800,3.440,4.098,0.556,-0.229,1.973,-0.413,-0.001754
20.829,3.556,4.054,0.119,-0.743,2.208,-0.371,-0.001616
20.858,3.503,3.936,-0.232,-1.139,2.400,-0.339,-0.001503
20.887,3.318,3.666,-0.474,-1.395,2.536,-0.318,-0.001422
20.914,2.963,3.185,-0.579,-1.475,2.599,-0.310,-0.001385
20.939,2.495,2.650,-0.537,-1.393,2.582,-0.316,-0.001394
20.963,2.164,2.271,-0.411,-1.218,2.517,-0.329,-0.001431
20.986,1.797,1.885,-0.204,-0.964,2.408,-0.350,-0.001494
21.013,0.936,1.846,0.205,-0.740,2.185,-0.388,-0.001622
21.045,0.340,2.237,0.708,-0.658,1.906,-0.433,-0.001783
21.077,0.194,2.623,1.166,-0.694,1.647,-0.473,-0.001933
21.109,0.063,2.851,1.582,-0.784,1.407,-0.508,-0.002071
21.141,0.061,3.070,1.927,-0.919,1.203,-0.534,-0.002188
21.174,0.724,2.577,2.029,-0.895,1.128,-0.537,-0.002230
21.206,1.723,1.797,1.837,-0.662,1.215,-0.512,-0.002178
21.238,2.914,0.934,1.347,-0.230,1.467,-0.461,-0.002030
21.271,4.163,0.384,0.594,0.280,1.869,-0.388,-0.001795
21.304,4.768,0.426,-0.203,0.694,2.302,-0.313,-0.001542
21.338,5.044,0.587,-0.943,0.993,2.712,-0.246,-0.001302
21.371,4.825,1.044,-1.499,1.115,3.028,-0.198,-0.001118
21.405,4.303,1.753,-1.818,1.021,3.218,-0.174,-0.001007
21.438,3.637,2.493,-1.899,0.736,3.280,-0.173,-0.000970
21.471,2.532,3.219,-1.660,0.297,3.167,-0.201,-0.001035
21.504,1.657,3.516,-1.217,-0.152,2.939,-0.248,-0.001167
21.536,0.959,3.472,-0.653,-0.516,2.641,-0.304,-0.001340
21.567,0.586,3.275,-0.079,-0.766,2.331,-0.359,-0.001519
21.596,0.434,3.037,0.443,-0.909,2.045,-0.407,-0.001685
21.625,0.563,2.650,0.843,-0.921,1.821,-0.442,-0.001814
21.654,0.960,2.256,1.068,-0.823,1.689,-0.460,-0.001889
21.677,1.305,2.022,1.158,-0.675,1.630,-0.465,-0.001923
21.701,1.699,1.837,1.124,-0.501,1.638,-0.458,-0.001917
21.725,2.475,1.785,0.881,-0.340,1.761,-0.432,-0.001844
21.748,2.851,1.741,0.573,-0.194,1.922,-0.401,-0.001749
21.778,3.246,1.859,0.206,-0.104,2.119,-0.365,-0.001633
21.810,3.483,2.180,-0.166,-0.117,2.322,-0.331,-0.001514
21.842,3.986,2.831,-0.613,-0.306,2.570,-0.290,-0.001369
21.875,4.376,3.238,-1.091,-0.574,2.839,-0.249,-0.001211
21.907,4.390,3.355,-1.492,-0.830,3.071,-0.216,-0.001076
21.939,4.051,3.183,-1.731,-0.996,3.217,-0.199,-0.000990
21.971,3.048,2.592,-1.652,-0.972,3.190,-0.212,-0.001005
22.004,2.042,2.013,-1.308,-0.792,3.017,-0.249,-0.001105
22.035,1.136,1.472,-0.770,-0.493,2.734,-0.303,-0.001269
22.066,0.645,1.157,-0.184,-0.156,2.419,-0.360,-0.001451
22.097,0.403,0.887,0.372,0.198,2.115,-0.411,-0.001627
22.131,0.375,0.911,0.843,0.486,1.852,-0.453,-0.001779
22.165,0.548,1.127,1.188,0.666,1.654,-0.482,-0.001893
22.198,0.948,1.506,1.365,0.711,1.546,-0.495,-0.001954
22.231,1.450,2.028,1.372,0.603,1.529,-0.491,-0.001963
22.265,2.179,2.647,1.176,0.342,1.624,-0.468,-0.001906
22.296,2.777,2.948,0.845,0.040,1.794,-0.434,-0.001806
22.328,3.253,3.121,0.438,-0.261,2.011,-0.394,-0.001678
22.366,3.348,3.023,0.070,-0.486,2.210,-0.359,-0.001562
22.396,3.213,2.899,-0.201,-0.639,2.358,-0.334,-0.001474
22.421,3.069,2.844,-0.388,-0.752,2.463,-0.317,-0.001412
22.445,2.715,2.879,-0.447,-0.855,2.500,-0.313,-0.001390
22.469,2.367,2.902,-0.399,-0.945,2.478,-0.319,-0.001401
22.494,1.687,2.880,-0.174,-1.014,2.358,-0.341,-0.001470
22.523,1.062,3.134,0.186,-1.138,2.162,-0.375,-0.001584
22.555,0.059,3.912,0.760,-1.452,1.845,-0.427,-0.001767
22.586,-0.442,4.360,1.374,-1.833,1.499,-0.481,-0.001967
22.619,-0.410,4.393,1.875,-2.157,1.211,-0.523,-0.002133
22.651,-0.085,3.838,2.201,-2.272,1.014,-0.546,-0.002246
22.684,1.052,2.531,2.157,-2.006,1.017,-0.535,-0.002243
22.716,1.939,1.665,1.873,-1.544,1.152,-0.502,-0.002162
22.749,2.965,0.569,1.352,-0.856,1.422,-0.448,-0.002004
22.781,4.076,-0.353,0.609,-0.028,1.818,-0.375,-0.001773
22.814,4.947,-0.574,-0.250,0.724,2.285,-0.294,-0.001500
22.847,5.153,-0.494,-1.024,1.328,2.714,-0.224,-0.001249
22.880,5.143,-0.234,-1.665,1.757,3.077,-0.169,-0.001037
22.917,4.585,0.778,-2.045,1.835,3.302,-0.140,-0.000906
22.950,3.890,1.712,-2.167,1.640,3.390,-0.136,-0.000854
22.984,3.024,2.621,-2.028,1.224,3.334,-0.156,-0.000886
23.017,1.685,3.768,-1.541,0.559,3.086,-0.208,-0.001030
23.051,0.903,4.351,-0.917,-0.157,2.758,-0.270,-0.001221
23.080,0.326,4.675,-0.236,-0.845,2.392,-0.336,-0.001433
23.111,0.181,4.607,0.374,-1.400,2.058,-0.393,-0.001626
23.140,0.283,4.352,0.855,-1.792,1.790,-0.436,-0.001781
23.165,0.789,3.909,1.118,-1.995,1.638,-0.457,-0.001868
23.190,1.206,3.538,1.220,-2.059,1.571,-0.463,-0.001906
23.213,1.657,3.097,1.180,-1.988,1.581,-0.455,-0.001898
23.239,2.640,2.370,0.876,-1.726,1.738,-0.423,-0.001806
23.268,3.866,2.233,0.285,-1.467,2.055,-0.366,-0.001620
23.300,4.972,2.676,-0.511,-1.367,2.491,-0.292,-0.001366
23.332,5.840,3.275,-1.412,-1.444,2.992,-0.211,-0.001073
23.368,6.096,3.667,-2.231,-1.612,3.456,-0.141,-0.000803
23.400,5.778,3.437,-2.823,-1.687,3.804,-0.095,-0.000600
23.433,5.171,2.958,-3.145,-1.616,4.008,-0.075,-0.000481
23.466,4.079,2.320,-3.108,-1.379,4.019,-0.089,-0.000474
23.499,3.037,1.744,-2.785,-1.021,3.871,-0.129,-0.000560
23.531,1.738,0.920,-2.154,-0.495,3.550,-0.196,-0.000746
23.563,0.489,-0.048,-1.280,0.208,3.090,-0.284,-0.001013
23.595,-0.169,-0.260,-0.367,0.852,2.600,-0.372,-0.001298
23.630,-0.557,-0.060,0.503,1.334,2.124,-0.453,-0.001573
23.663,-0.690,0.194,1.266,1.662,1.700,-0.522,-0.001819
23.698,-0.458,0.958,1.837,1.723,1.374,-0.570,-0.002007
23.731,0.254,1.817,2.115,1.535,1.203,-0.589,-0.002105
23.765,1.032,2.600,2.130,1.159,1.174,-0.583,-0.002120
23.798,2.272,3.486,1.800,0.600,1.336,-0.546,-0.002024
23.829,2.995,3.889,1.321,0.020,1.582,-0.496,-0.001879
23.859,3.475,4.073,0.787,-0.516,1.864,-0.443,-0.001714
23.888,3.784,4.077,0.254,-0.965,2.150,-0.391,-0.001546
23.913,3.754,3.923,-0.183,-1.297,2.388,-0.350,-0.001406
23.938,3.528,3.535,-0.487,-1.466,2.558,-0.323,-0.001307
23.962,3.300,3.174,-0.678,-1.505,2.667,-0.307,-0.001242
23.986,3.045,2.683,-0.766,-1.402,2.722,-0.302,-0.001209
24.012,2.580,2.048,-0.711,-1.139,2.699,-0.309,-0.001222
24.044,2.360,1.536,-0.603,-0.778,2.647,-0.322,-0.001251
24.076,2.568,0.968,-0.567,-0.320,2.634,-0.327,-0.001258
24.108,3.008,0.266,-0.656,0.254,2.688,-0.321,-0.001226
24.139,3.340,-0.043,-0.819,0.816,2.784,-0.308,-0.001169
24.172,3.640,-0.010,-1.035,1.274,2.911,-0.291,-0.001094
24.206,3.578,0.613,-1.196,1.483,3.010,-0.280,-0.001036
24.240,2.946,1.613,-1.155,1.381,2.999,-0.288,-0.001041
24.274,2.636,2.186,-1.033,1.134,2.943,-0.303,-0.001073
24.308,2.036,2.632,-0.765,0.803,2.805,-0.331,-0.001152
24.340,1.660,3.025,-0.436,0.416,2.632,-0.364,-0.001252
24.374,1.365,3.267,-0.080,0.024,2.440,-0.398,-0.001363
24.405,1.107,3.426,0.288,-0.348,2.238,-0.432,-0.001479
24.437,1.096,3.366,0.599,-0.642,2.065,-0.460,-0.001579
24.468,1.194,2.965,0.830,-0.778,1.932,-0.479,-0.001655
24.500,1.519,2.497,0.932,-0.763,1.867,-0.486,-0.001691
24.531,1.973,2.054,0.892,-0.628,1.881,-0.479,-0.001681
24.562,2.481,1.588,0.717,-0.388,1.968,-0.460,-0.001629
24.592,3.027,1.217,0.421,-0.086,2.125,-0.430,-0.001537
24.620,3.495,1.254,0.044,0.156,2.328,-0.394,-0.001417
24.648,3.728,1.340,-0.334,0.333,2.536,-0.360,-0.001295
24.678,3.797,1.514,-0.668,0.432,2.724,-0.330,-0.001185
24.701,3.791,1.956,-0.945,0.393,2.882,-0.307,-0.001092
24.724,3.804,2.508,-1.176,0.207,3.019,-0.289,-0.001011
24.752,3.916,3.384,-1.397,-0.188,3.152,-0.273,-0.000933
24.782,4.301,4.174,-1.683,-0.734,3.323,-0.251,-0.000833
24.814,4.779,5.115,-2.049,-1.446,3.540,-0.224,-0.000706
24.846,5.331,5.797,-2.499,-2.224,3.808,-0.189,-0.000549
24.877,4.913,5.796,-2.754,-2.869,3.972,-0.174,-0.000453
24.909,3.851,4.725,-2.672,-3.110,3.953,-0.191,-0.000463
24.942,3.065,3.442,-2.381,-2.954,3.819,-0.227,-0.000541
24.975,2.169,2.121,-1.888,-2.458,3.570,-0.280,-0.000685
25.008,1.205,0.733,-1.208,-1.658,3.214,-0.349,-0.000891
25.040,-0.169,-1.106,-0.262,-0.485,2.705,-0.440,-0.001187
25.072,-0.415,-1.438,0.597,0.586,2.235,-0.520,-0.001459
25.105,-0.291,-1.329,1.279,1.449,1.853,-0.580,-0.001679
25.139,-0.008,-1.015,1.769,2.081,1.571,-0.621,-0.001842
25.172,0.907,0.089,1.925,2.302,1.468,-0.629,-0.001900
25.206,1.865,1.220,1.789,2.171,1.525,-0.610,-0.001865
25.239,2.765,2.302,1.425,1.761,1.708,-0.571,-0.001757
25.273,3.655,3.628,0.875,1.051,1.997,-0.515,-0.001587
25.307,4.066,4.428,0.300,0.235,2.305,-0.460,-0.001407
25.337,4.157,4.971,-0.205,-0.596,2.580,-0.412,-0.001245
25.365,3.995,5.273,-0.584,-1.372,2.790,-0.378,-0.001121
25.395,3.624,5.297,-0.797,-2.025,2.914,-0.361,-0.001049
25.422,2.912,4.683,-0.780,-2.399,2.911,-0.365,-0.001049
25.447,2.363,4.023,-0.613,-2.527,2.827,-0.383,-0.001097
25.473,1.626,3.054,-0.272,-2.364,2.645,-0.416,-0.001202
25.501,0.751,2.357,0.253,-2.032,2.359,-0.465,-0.001367
25.529,-0.072,2.360,0.915,-1.751,1.992,-0.525,-0.001579
25.558,-1.178,2.766,1.768,-1.623,1.514,-0.600,-0.001856
25.587,-1.643,3.265,2.603,-1.649,1.037,-0.671,-0.002131
25.619,-1.403,3.187,3.228,-1.645,0.668,-0.720,-0.002344
25.651,-0.613,2.746,3.527,-1.519,0.472,-0.736,-0.002456
25.683,0.575,2.372,3.445,-1.308,0.484,-0.717,-0.002447
25.716,1.715,2.031,3.056,-1.037,0.665,-0.669,-0.002340
25.749,3.299,1.118,2.291,-0.559,1.057,-0.589,-0.002110
25.782,4.819,0.209,1.231,0.088,1.618,-0.484,-0.001781
25.814,6.062,0.367,0.003,0.585,2.282,-0.367,-0.001393
25.847,6.340,0.481,-1.099,0.968,2.889,-0.266,-0.001039
25.881,6.164,0.934,-1.970,1.160,3.379,-0.190,-0.000754
25.915,5.508,1.723,-2.513,1.102,3.698,-0.147,-0.000568
25.949,4.629,2.625,-2.722,0.804,3.837,-0.136,-0.000487
25.983,3.168,3.405,-2.491,0.339,3.736,-0.167,-0.000545
26.017,1.841,3.721,-1.929,-0.138,3.451,-0.227,-0.000710
26.048,0.691,3.818,-1.142,-0.563,3.036,-0.306,-0.000951
26.077,-0.002,3.722,-0.291,-0.892,2.578,-0.388,-0.001216
26.107,-0.313,3.469,0.505,-1.097,2.143,-0.462,-0.001468
26.136,-0.375,3.077,1.187,-1.159,1.763,-0.523,-0.001688
26.164,-0.080,2.579,1.673,-1.073,1.484,-0.563,-0.001849
26.188,0.218,2.346,1.994,-0.936,1.291,-0.587,-0.001959
26.211,0.602,2.176,2.152,-0.774,1.185,-0.595,-0.002019
26.238,1.298,1.931,2.089,-0.570,1.199,-0.582,-0.002010
26.267,1.719,1.563,1.917,-0.299,1.274,-0.559,-0.001964
26.294,2.040,1.576,1.680,-0.075,1.386,-0.531,-0.001897
26.326,2.645,1.532,1.312,0.122,1.572,-0.491,-0.001787
26.357,2.831,1.430,0.951,0.314,1.759,-0.454,-0.001678
26.388,2.752,1.260,0.668,0.519,1.905,-0.425,-0.001591
26.419,2.640,1.220,0.460,0.699,2.013,-0.404,-0.001527
26.453,3.254,1.973,0.118,0.641,2.197,-0.371,-0.001419
26.488,3.383,2.510,-0.203,0.444,2.373,-0.341,-0.001315
26.522,3.219,2.679,-0.427,0.231,2.499,-0.321,-0.001241
26.556,2.743,2.891,-0.483,-0.006,2.534,-0.317,-0.001220
26.588,2.489,2.969,-0.459,-0.227,2.525,-0.321,-0.001224
26.619,2.176,3.022,-0.353,-0.426,2.471,-0.333,-0.001254
26.652,1.830,2.966,-0.168,-0.577,2.373,-0.351,-0.001310
26.682,1.494,2.866,0.077,-0.675,2.240,-0.374,-0.001387
26.714,1.187,2.681,0.367,-0.706,2.080,-0.400,-0.001479
26.745,1.138,2.405,0.621,-0.656,1.937,-0.423,-0.001561
26.777,1.112,2.046,0.839,-0.515,1.811,-0.441,-0.001633
26.808,1.291,1.867,0.970,-0.349,1.731,-0.450,-0.001678
26.840,1.526,1.668,1.013,-0.155,1.698,-0.451,-0.001696
26.871,1.764,1.529,0.982,0.044,1.706,-0.444,-0.001691
26.901,2.097,1.555,0.862,0.203,1.762,-0.430,-0.001656
26.926,2.429,1.793,0.670,0.269,1.860,-0.410,-0.001598
26.950,2.554,2.090,0.473,0.242,1.962,-0.389,-0.001538
26.975,2.662,2.415,0.278,0.129,2.065,-0.370,-0.001477
26.999,2.751,2.661,0.090,-0.034,2.166,-0.352,-0.001417
27.028,2.805,2.889,-0.082,-0.233,2.260,-0.336,-0.001361
27.061,2.807,2.873,-0.227,-0.395,2.340,-0.323,-0.001313
27.093,2.971,2.731,-0.391,-0.492,2.433,-0.309,-0.001258
27.125,3.086,2.333,-0.559,-0.464,2.530,-0.295,-0.001201
27.156,3.105,1.847,-0.703,-0.308,2.615,-0.283,-0.001151
27.188,2.861,1.891,-0.755,-0.189,2.650,-0.281,-0.001129
27.222,2.542,2.097,-0.710,-0.147,2.633,-0.288,-0.001139
27.257,2.133,2.143,-0.558,-0.125,2.556,-0.304,-0.001183
27.291,1.866,2.126,-0.357,-0.102,2.451,-0.325,-0.001243
27.326,1.659,2.109,-0.132,-0.079,2.331,-0.347,-0.001312
27.369,1.504,2.196,0.099,-0.085,2.205,-0.368,-0.001384
27.401,1.426,2.315,0.313,-0.122,2.086,-0.388,-0.001452
27.432,1.446,2.374,0.486,-0.170,1.988,-0.403,-0.001508
27.464,1.509,2.441,0.612,-0.229,1.914,-0.413,-0.001550
27.495,1.671,2.400,0.671,-0.267,1.876,-0.416,-0.001571
27.527,2.064,2.253,0.612,-0.259,1.902,-0.408,-0.001554
27.558,2.389,2.168,0.473,-0.230,1.973,-0.394,-0.001512
27.587,2.724,2.117,0.264,-0.192,2.084,-0.373,-0.001446
27.616,2.991,2.228,0.016,-0.190,2.218,-0.349,-0.001367
27.645,3.129,2.245,-0.229,-0.194,2.353,-0.327,-0.001288
27.669,3.184,2.372,-0.449,-0.233,2.476,-0.308,-0.001215
27.693,3.210,2.613,-0.638,-0.331,2.584,-0.292,-0.001151
27.717,3.379,3.014,-0.840,-0.522,2.702,-0.275,-0.001082
27.743,3.536,3.299,-1.050,-0.759,2.826,-0.259,-0.001009
27.771,4.034,4.145,-1.358,-1.187,3.006,-0.234,-0.000904
27.800,4.672,4.975,-1.786,-1.769,3.255,-0.200,-0.000758
27.829,5.253,5.766,-2.298,-2.467,3.553,-0.159,-0.000584
27.860,5.075,5.886,-2.670,-3.077,3.781,-0.133,-0.000451
27.892,4.405,5.204,-2.793,-3.395,3.874,-0.131,-0.000397
27.925,3.700,4.185,-2.695,-3.375,3.847,-0.149,-0.000412
27.958,2.644,2.627,-2.319,-2.925,3.666,-0.193,-0.000517
27.991,1.537,1.124,-1.696,-2.133,3.346,-0.258,-0.000702
28.024,0.361,-0.295,-0.851,-1.079,2.897,-0.341,-0.000963
28.056,-0.497,-1.391,0.091,0.102,2.386,-0.430,-0.001259
28.090,-0.447,-1.354,0.866,1.078,1.959,-0.501,-0.001506
28.123,-0.254,-1.249,1.458,1.862,1.624,-0.552,-0.001699
28.159,0.054,-0.577,1.865,2.328,1.386,-0.585,-0.001836
28.193,0.911,1.017,1.968,2.276,1.312,-0.588,-0.001878
28.226,1.637,2.152,1.850,1.917,1.358,-0.571,-0.001850
28.260,2.764,3.598,1.440,1.216,1.566,-0.527,-0.001727
28.294,3.439,4.605,0.909,0.352,1.844,-0.473,-0.001563
28.327,3.897,5.324,0.338,-0.568,2.150,-0.418,-0.001384
28.357,3.993,5.618,-0.167,-1.417,2.424,-0.370,-0.001223
28.389,3.437,5.529,-0.436,-2.100,2.574,-0.346,-0.001135
28.416,2.798,5.272,-0.486,-2.596,2.606,-0.343,-0.001115
28.444,1.669,4.744,-0.219,-2.861,2.464,-0.369,-0.001197
28.468,0.446,4.238,0.338,-2.938,2.159,-0.421,-0.001373
28.496,-0.360,3.936,1.022,-2.913,1.779,-0.483,-0.001593
28.525,-1.618,3.852,1.935,-2.863,1.267,-0.563,-0.001890
28.553,-2.752,4.121,3.002,-2.888,0.662,-0.654,-0.002240
28.583,-2.763,4.139,3.888,-2.907,0.145,-0.726,-0.002539
28.611,-2.244,3.625,4.478,-2.776,-0.217,-0.767,-0.002748
28.640,-1.214,3.031,4.679,-2.498,-0.371,-0.770,-0.002835
28.672,0.035,2.350,4.494,-2.075,-0.314,-0.737,-0.002799
28.705,1.601,1.579,3.901,-1.507,-0.030,-0.668,-0.002632
28.738,3.185,0.841,2.963,-0.827,0.449,-0.569,-0.002352
28.771,5.480,-0.281,1.546,0.048,1.201,-0.429,-0.001913
28.801,6.754,-0.887,0.010,0.943,2.031,-0.283,-0.001428
28.835,6.892,-0.399,-1.312,1.555,2.759,-0.162,-0.001004
28.868,6.870,0.033,-2.407,1.944,3.375,-0.066,-0.000645
28.903,5.444,1.034,-2.928,1.990,3.685,-0.026,-0.000464
28.936,4.036,2.541,-2.971,1.611,3.738,-0.032,-0.000434
28.969,2.673,3.687,-2.629,0.978,3.578,-0.074,-0.000527
29.002,0.763,4.787,-1.815,0.144,3.155,-0.157,-0.000772
29.036,-0.364,5.274,-0.822,-0.686,2.626,-0.255,-0.001079
29.066,-1.072,5.379,0.202,-1.408,2.070,-0.352,-0.001402
29.095,-1.333,5.279,1.130,-1.982,1.558,-0.436,-0.001699
29.126,-1.154,4.941,1.854,-2.365,1.149,-0.499,-0.001936
29.156,-0.460,4.038,2.264,-2.434,0.905,-0.530,-0.002076
29.180,0.570,2.835,2.321,-2.159,0.852,-0.528,-0.002105
29.204,1.330,2.167,2.156,-1.742,0.921,-0.505,-0.002064
29.227,1.999,1.610,1.830,-1.238,1.081,-0.468,-0.001970
29.251,2.938,0.856,1.296,-0.609,1.357,-0.413,-0.001808
29.281,3.740,0.918,0.628,-0.100,1.712,-0.347,-0.001600
29.313,4.423,1.633,-0.118,0.131,2.117,-0.277,-0.001363
29.344,5.207,2.645,-0.954,0.046,2.579,-0.200,-0.001093
29.377,5.748,3.839,-1.799,-0.351,3.053,-0.126,-0.000817
29.409,5.553,4.662,-2.447,-0.908,3.428,-0.073,-0.000599
29.441,4.797,4.614,-2.776,-1.358,3.633,-0.051,-0.000479
29.474,3.998,4.314,-2.826,-1.651,3.687,-0.056,-0.000447
29.507,2.962,3.765,-2.579,-1.742,3.578,-0.088,-0.000511
29.540,1.539,2.783,-1.977,-1.548,3.272,-0.153,-0.000689
29.573,-0.025,1.405,-1.042,-1.006,2.777,-0.245,-0.000976
29.604,-0.605,1.095,-0.100,-0.467,2.268,-0.335,-0.001272
29.635,-0.872,0.881,0.761,0.041,1.795,-0.414,-0.001546
29.668,-0.881,0.890,1.481,0.463,1.392,-0.478,-0.001779
29.702,-0.673,1.165,2.022,0.738,1.080,-0.523,-0.001959
29.735,0.252,2.031,2.218,0.730,0.953,-0.534,-0.002032
29.769,1.117,2.715,2.139,0.533,0.975,-0.519,-0.002017
29.801,2.011,3.249,1.825,0.221,1.128,-0.483,-0.001927
29.833,3.203,3.665,1.232,-0.155,1.437,-0.423,-0.001746
29.863,3.766,3.906,0.580,-0.536,1.784,-0.359,-0.001542
29.893,4.024,4.112,-0.037,-0.910,2.118,-0.300,-0.001347
29.918,3.786,4.034,-0.487,-1.200,2.367,-0.259,-0.001201
29.941,3.299,4.015,-0.730,-1.435,2.505,-0.239,-0.001120
29.965,2.478,3.990,-0.707,-1.622,2.500,-0.243,-0.001122
29.991,1.828,3.911,-0.509,-1.754,2.398,-0.264,-0.001181
30.019,0.537,4.067,0.010,-1.903,2.117,-0.313,-0.001344
30.048,-0.486,4.384,0.722,-2.110,1.725,-0.379,-0.001571
30.076,-1.342,4.716,1.549,-2.369,1.263,-0.452,-0.001838
30.109,-1.490,4.810,2.277,-2.606,0.848,-0.514,-0.002079
30.141,-1.163,4.205,2.790,-2.633,0.544,-0.554,-0.002254
30.173,-0.387,3.532,3.001,-2.466,0.401,-0.564,-0.002336
30.206,0.555,2.938,2.912,-2.160,0.422,-0.545,-0.002322
30.239,1.962,1.871,2.447,-1.608,0.650,-0.493,-0.002188
30.271,3.773,0.389,1.559,-0.740,1.116,-0.403,-0.001915
30.304,4.951,-0.527,0.491,0.236,1.689,-0.300,-0.001581
30.335,5.580,-0.508,-0.575,1.045,2.271,-0.201,-0.001241
30.370,5.804,-0.142,-1.525,1.618,2.800,-0.116,-0.000933
30.407,5.415,0.591,-2.210,1.892,3.192,-0.058,-0.000704
30.440,4.564,1.441,-2.544,1.883,3.397,-0.035,-0.000585
30.474,3.576,2.599,-2.547,1.554,3.424,-0.044,-0.000569
30.508,2.055,3.931,-2.129,0.911,3.219,-0.091,-0.000688
30.543,1.017,4.759,-1.490,0.145,2.888,-0.157,-0.000881
30.575,-0.025,5.399,-0.669,-0.672,2.450,-0.237,-0.001135
30.606,-0.306,5.608,0.097,-1.411,2.036,-0.310,-0.001375
30.636,-0.232,5.468,0.716,-1.988,1.694,-0.366,-0.001573
30.663,-0.003,5.299,1.170,-2.420,1.438,-0.406,-0.001721
